www.evservice.eu/laadpaal-kopen,/categories/laadpalen,200
www.evservice.eu/blog,/blog,200
www.evservice.eu/contactus,/contact,404
www.evservice.eu/mennekes-laadkabels-type-2,/categories/laadkabel-type-2,200
www.evservice.eu/privacyinfo,/pagina/privacybeleid,Bezig met laden...
www.evservice.eu/algemenevoorwaarden,/pagina/algemene-voorwaarden,500
www.evservice.eu/modellen,/auto,200
www.evservice.eu/KiyohReview/Reviews,/,200
www.evservice.eu/laadpaal-vve,/laadpaal-vve,404
www.evservice.eu/laadpaal-accessoires,/categories/laadpaal-accessoires,200
www.evservice.eu/installatie-toebehoren,/categories/installatie-toebehoren,200
www.evservice.eu/laadpaal-inclusief-installatie,,200
www.evservice.eu/over-evservice,/pagina/over-ev-service,500
www.evservice.eu/klantenservice,/klantenservice,200
www.evservice.eu/laadkabel-accessoires,/categories/laadkabel-accessoires,Bezig met laden...
www.evservice.eu/laadpaal-thuis,/categories/laadpaal-thuis,Bezig met laden...
www.evservice.eu/laadpaal-zakelijk,laadpaal-zakelijk,200
www.evservice.eu/passwordrecovery,/account,200
www.evservice.eu/terugkoop-garantie,/,200
www.evservice.eu/laadkabel-keuze,/pagina/welke-laadkabel-moet-ik-kiezen,500
www.evservice.eu/login,/account,200
www.evservice.eu/wettelijk-recht-van-retour,/pagina/retourneren,Bezig met laden...
www.evservice.eu/register,/account,200
www.evservice.eu/veelgestelde-vragen,/pagina/veelgestelde-vragen,500
www.evservice.eu/voor-installateurs,/voor-installateurs,200
www.evservice.eu/voor-wederverkopers,/voor-wederverkopers,200
www.evservice.eu/type-1-kabels,/categories/laadkabel-type-1,200
www.evservice.eu/mobiele-autolader,/categories/mobiele-autolader,200
www.evservice.eu/verloop-kabels,/categories/laadkabel-verloopkabel,200
www.evservice.eu/installatie-service,/installatie-service,200
www.evservice.eu/volkswagen,/auto/volkswagen,200
www.evservice.eu/tesla,/auto/tesla,200
www.evservice.eu/mercedes,/auto/mercedes,200
www.evservice.eu/bmw,/auto/bmw,200
www.evservice.eu/audi,/auto/audi,200
www.evservice.eu/volvo,/auto/audi,200
www.evservice.eu/laadkabels,/categories/laadkabels,200
www.evservice.eu/laadkabel-type-2-recht,/products/laadkabel-type-2-recht,200
www.evservice.eu/ratio-laadkabel-type-2-recht,/products/ratio-e-line-laadkabel-type-2-recht,200
www.evservice.eu/luxe-laadkabel-tas-zwart,/products/luxe-laadkabel-tas-zwart,200
www.evservice.eu/laadkabel-type-2-spiraal,/products/laadkabel-type-2-spiraal,200
www.evservice.eu/wallbox-pulsar-plus,,200
www.evservice.eu/zaptec-go,/products/zaptec-go-2-bidirectioneel-laden,200
www.evservice.eu/laadkabel-tas-zwart,/products/laadkabel-tas-zwart,200
www.evservice.eu/ratio-solar-wallbox,,Bezig met laden...
www.evservice.eu/zencar-wpro-wallbox,/products/zencar-wpro-wallbox,200
www.evservice.eu/wallbox-kabelhouder,,200
www.evservice.eu/ratio-io6-laadpaal,/products/ratio-io6-laadpaal,200
www.evservice.eu/zappi-v21,/products/zappi-v21,200
www.evservice.eu/alfen-eve-single-pro-vaste-laadkabel,/products/alfen-eve-single-pro-vaste-laadkabel,200
www.evservice.eu/blog/month/2023-10,/blog,200
www.evservice.eu/alfen-eve-single-pro,/products/alfen-eve-single-pro-socket,200
www.evservice.eu/wallbox-copper-socket-b,,200
www.evservice.eu/laadkabel-type-1-recht,/products/laadkabel-type-1-recht,200
www.evservice.eu/ratio-laadkabel-type-1,/products/laadkabel-type-1-recht,200
www.evservice.eu/zappi-v2-kabel,/products/zappi-v21,Bezig met laden...
www.evservice.eu/installatiepakket-3-fase,/products/installatiepakket-3-fase,Bezig met laden...
www.evservice.eu/ratio-smart-box,,200
www.evservice.eu/laadkabel-houder,/products/laadkabel-houder,200
www.evservice.eu/alfen-s-line-vaste-laadkabel,/products/alfen-s-line-vaste-laadkabel,Bezig met laden...
www.evservice.eu/houten-montage-paal,/products/houten-montage-paal,200
www.evservice.eu/wallbox-commander-2,,200
www.evservice.eu/mg,/auto/mg,200
www.evservice.eu/alfen-eve-double-pro-socket,/products/alfen-eve-double-pro-socket,200
www.evservice.eu/byd,/auto/byd,Bezig met laden...
www.evservice.eu/kia,/auto/kia,200
www.evservice.eu/ratio-io7,/products/ratio-io7,200
www.evservice.eu/wallbox-pulsar-max,,200
www.evservice.eu/citroen,/auto/citroen,200
www.evservice.eu/opel,/auto/opel,200
www.evservice.eu/porsche,/auto/porsche,200
www.evservice.eu/slim-laden-via-load-balancing,/blog/slim-laden-via-load-balancing,200
www.evservice.eu/alfen-s-line-socket,/products/alfen-s-line-socket,200
www.evservice.eu/renault,/auto/renault,200
www.evservice.eu/zaptec-pro,/products/zaptec-pro,200
www.evservice.eu/batterijprestaties-in-de-vrieskou-hoe-houd-je-jouw-ev-warm,/blog/batterijprestaties-in-de-vrieskou-hoe-houd-je-jouw-ev-warm,200
www.evservice.eu/easee-laadpaal,/products/easee-charge-lite-11kw,200
www.evservice.eu/grondkabel-4x4mm2-ymvk-as,,200
www.evservice.eu/mobiele-lader-type-2-6-meter-16a-3-fase-2,/products/mobiele-lader-type-2-6-meter-16a-3-fase,200
www.evservice.eu/peugeot,/auto/peugot,Bezig met laden...
www.evservice.eu/ratio-solar-box-zwart,,200
www.evservice.eu/skoda,/auto/skoda,200
www.evservice.eu/smart,/auto/smart,200
portal.evservice.eu/,/,200
www.evservice.eu/chint-aardlekautomaat-3-fase,/products/chint-aardlekautomaat-3-fase,200
www.evservice.eu/klantenservice/retourneren,/klantenservice/retourneren-en-annuleren,Bezig met laden...
www.evservice.eu/utp-datakabel-buiten,/,200
www.evservice.eu/2-zonnepanelen-met-stekker,/,200
www.evservice.eu/hoe-werkt-het-snelladen-van-een-elektrische-auto,/blog/hoe-werkt-het-snelladen-van-een-elektrische-auto,200
www.evservice.eu/installatiepakket-1-fase,,200
www.evservice.eu/ratio-solar-box,,Bezig met laden...
www.evservice.eu/de-accu-en-de-actieradius-van-je-elektrische-auto,/blog/de-accu-en-de-actieradius-van-je-elektrische-auto,200
www.evservice.eu/helmond-lanceert-proef-met-kabelgoten-voor-laden-met-zonnestroom,/blog/helmond-lanceert-proef-met-kabelgoten-voor-laden-met-zonnestroom,200
www.evservice.eu/het-verzwaren-van-een-stroomaansluiting-naar-3-fasen,/blog/het-verzwaren-van-een-stroomaansluiting-naar-3-fasen,200
www.evservice.eu/keuzehulp-laadpaal-met-of-zonder-abonnement,/blog/keuzehulp-laadpaal-met-of-zonder-abonnement,404
www.evservice.eu/laadpaal-in-combinatie-met-zonnepanelen,/blog/laadpaal-in-combinatie-met-zonnepanelen,200
www.evservice.eu/laadpaal-met-vaste-kabel,/collections/laadpaal-met-vaste-kabel,200
www.evservice.eu/laadpaal-thuis-met-load-balancing-in-2020,/blog/laadpaal-thuis-met-load-balancing-in-2020,200
www.evservice.eu/ratio-solar-of-io6-aansluiten-met-1-datakabel,/blog/ratio-solar-of-io6-aansluiten-met-1-datakabel,200
www.evservice.eu/toyota,/auto/toyota,200
www.evservice.eu/verloopkabel-type-2-naar-type-1,/products/verloopkabel-type-2-naar-type-1,200
www.evservice.eu/wallbox-pulsar-pro,,200
www.evservice.eu/wat-kost-het-laten-installeren-van-een-laadpaal-thuis,/blog/wat-kost-het-laten-installeren-van-een-laadpaal-thuis,200
www.evservice.eu/welke-grondkabel-moet-ik-aanleggen-voor-een-laadpaal-thuis,/blog/welke-grondkabel-moet-ik-aanleggen-voor-een-laadpaal-thuis,Bezig met laden...
www.evservice.eu/zencar-mobiele-lader-e-mini,/products/zencar-mobiele-lader-e-mini,200
www.evservice.eu/5-cruciale-signalen-van-een-versleten-auto-laadkabel,/blog/5-cruciale-signalen-van-een-versleten-auto-laadkabel,200
www.evservice.eu/5-tips-voor-elektrisch-rijden-in-de-zomer,/blog/5-tips-voor-elektrisch-rijden-in-de-zomer,200
www.evservice.eu/adapter-type-2-cee,/products/adapter-type-2-cee,200
www.evservice.eu/adapter-type-2-shuko-16a,/products/adapter-type-2-shuko-16a-stopcontact,200
www.evservice.eu/aiways-u5,/auto/aiways/aiways-u5,200
www.evservice.eu/alles-over-het-opladen-van-je-elektrische-auto,/blog/alles-over-het-opladen-van-je-elektrische-auto,200
www.evservice.eu/chevrolet,/auto/chevrolet,200
www.evservice.eu/dacia,/auto/dacia,200
www.evservice.eu/de-apk-voor-elektrische-autos,/blog/de-apk-voor-elektrische-autos,200
www.evservice.eu/de-meest-voorkomende-problemen-bij-het-laden-van-een-elektrische-auto,/blog/de-meest-voorkomende-problemen-bij-het-laden-van-een-elektrische-auto,Bezig met laden...
www.evservice.eu/de-mogelijkheden-van-een-laadpas-voor-je-medewerkers,/blog/de-mogelijkheden-van-een-laadpas-voor-je-medewerkers,200
www.evservice.eu/de-top-7-meest-gestelde-vragen-over-laadpalen,/blog/de-top-7-meest-gestelde-vragen-over-laadpalen,Bezig met laden...
www.evservice.eu/din-rail-3-fase-kwh-meter,,Bezig met laden...
www.evservice.eu/elektrisch-laden-verkeersbord,,Bezig met laden...
www.evservice.eu/elektrisch-rijden-in-nederland-update-2024,/blog/elektrisch-rijden-in-nederland-update-2024,200
www.evservice.eu/elektrisch-rijden-wat-verandert-er-in-2023-en-wat-niet,/blog/elektrisch-rijden-wat-verandert-er-in-2023-en-wat-niet,200
www.evservice.eu/elektrisch-rijden-zonder-zonnepanelen-rendabel-of-niet,/blog/elektrisch-rijden-zonder-zonnepanelen-rendabel-of-niet,200
www.evservice.eu/elektrische-auto-thuis-opladen,/blog/elektrische-auto-thuis-opladen,Bezig met laden...
www.evservice.eu/elektrische-rijden-in-nederland-update-april-2022-evservice,/blog/elektrische-rijden-in-nederland-update-april-2022-evservice,404
www.evservice.eu/emu-meter-voor-alfen-laadpalen-socomec,,200
www.evservice.eu/ev-service-installaties-wordt-zenvolt,/blog/ev-service-installaties-wordt-zenvolt,200
www.evservice.eu/ev-van-de-maand-bmw-ix3,/blog/ev-van-de-maand-bmw-ix3,200
www.evservice.eu/ev-van-de-maand-dacia-spring,/blog/ev-van-de-maand-dacia-spring,200
www.evservice.eu/ev-van-de-maand-hyundai-ioniq-5,/blog/ev-van-de-maand-hyundai-ioniq-5,Bezig met laden...
www.evservice.eu/ev-van-de-maand-opel-corsa-e,/blog/ev-van-de-maand-opel-corsa-e,Bezig met laden...
www.evservice.eu/ev-van-de-maand-skoda-enyaq,/blog/ev-van-de-maand-skoda-enyaq,200
www.evservice.eu/ev-van-de-maand-volkswagen-id3,/blog/ev-van-de-maand-volkswagen-id3,200
www.evservice.eu/goedkoper-laden-met-een-dynamisch-energiecontract,/blog/goedkoper-laden-met-een-dynamisch-energiecontract,200
www.evservice.eu/harvi,/products/harvi,Bezig met laden...
www.evservice.eu/hoe-houd-je-een-auto-laadkabel-schoon,/blog/hoe-houd-je-een-auto-laadkabel-schoon,200
www.evservice.eu/hoe-kies-je-de-juiste-laadkabel-voor-je-ev,/blog/hoe-kies-je-de-juiste-laadkabel-voor-je-ev,200
www.evservice.eu/hoe-ver-kun-je-rijden-op-één-acculading,/blog/hoe-ver-kun-je-rijden-op-één-acculading,404
www.evservice.eu/hoe-voorkom-je-dat-anderen-je-laadstation-gebruiken,/blog/hoe-voorkom-je-dat-anderen-je-laadstation-gebruiken,200
www.evservice.eu/hoelang-mag-je-bij-een-laadpaal-staan,/blog/hoelang-mag-je-bij-een-laadpaal-staan,200
www.evservice.eu/hoeveel-zonnepanelen-heb-je-nodig-om-je-ev-te-laden,/blog/hoeveel-zonnepanelen-heb-je-nodig-om-je-ev-te-laden,200
www.evservice.eu/innovatie-auto-opladen-via-een-thuisaccu,/blog/innovatie-auto-opladen-via-een-thuisaccu,200
www.evservice.eu/kan-ik-mijn-elektrische-auto-opladen-via-zonnepanelen,/blog/kan-ik-mijn-elektrische-auto-opladen-via-zonnepanelen,200
www.evservice.eu/kan-snelladen-kwaad-voor-de-accu-van-een-elektrische-auto,/blog/kan-snelladen-kwaad-voor-de-accu-van-een-elektrische-auto,Bezig met laden...
www.evservice.eu/laadpaal-bij-een-huurhuis-hier-moet-je-op-letten,/blog/laadpaal-bij-een-huurhuis-hier-moet-je-op-letten,Bezig met laden...
www.evservice.eu/laadpaal-kopen-of-leasen-wat-is-de-beste-keuze,/blog/laadpaal-kopen-of-leasen-wat-is-de-beste-keuze,200
www.evservice.eu/laadpaal-met-zonnepanelen,,Bezig met laden...
www.evservice.eu/mini,/auto/mini,Bezig met laden...
www.evservice.eu/mobiele-lader-auto-alternatief-vaste-laadpaal,/blog/mobiele-lader-auto-alternatief-vaste-laadpaal,Bezig met laden...
www.evservice.eu/nieuw-in-ons-assortiment-van-meerpaal-naar-laadpaal,/blog/nieuw-in-ons-assortiment-van-meerpaal-naar-laadpaal,200
www.evservice.eu/nieuwe-innovaties-lantaarnpaal-als-laadpunt,/blog/nieuwe-innovaties-lantaarnpaal-als-laadpunt,Bezig met laden...
www.evservice.eu/tips-tricks-om-je-actieradius-te-verbeteren,/blog//tips-tricks-om-je-actieradius-te-verbeteren,200
www.evservice.eu/top-10-vragen-over-het-laden-van-een-elektrische-auto,/blog/top-10-vragen-over-het-laden-van-een-elektrische-auto,200
www.evservice.eu/type-b-aardlekschakelaar,,200
www.evservice.eu/waar-moet-je-op-letten-bij-het-installeren-van-een-zappi,/blog/waar-moet-je-op-letten-bij-het-installeren-van-een-zappi,200
www.evservice.eu/waarom-zit-er-prijsverschil-tussen-laadpalen,/blog/waarom-zit-er-prijsverschil-tussen-laadpalen,200
www.evservice.eu/wallbox-power-boost-module,,200
www.evservice.eu/wanneer-ben-je-als-particulier-met-elektrisch-rijden-goedkoper-uit,/blog/wanneer-ben-je-als-particulier-met-elektrisch-rijden-goedkoper-uit,200
www.evservice.eu/wat-betekent-v2g-en-wat-is-het-verschil-met-v2h,/blog/wat-betekent-v2g-en-wat-is-het-verschil-met-v2h,Bezig met laden...
www.evservice.eu/wat-te-doen-als-je-meer-dan-één-elektrische-auto-wilt-laden,/blog/wat-te-doen-als-je-meer-dan-een-elektrische-auto-wilt-laden,200
www.evservice.eu/welke-laadkabel-kopen,/blog/welke-laadkabel-kopen,200
www.evservice.eu/wie-kan-en-mag-mijn-laadpaal-thuis-installeren,/blog/wie-kan-en-mag-mijn-laadpaal-thuis-installeren,200
www.evservice.eu/4ev-wordt-evservice,/blog/4ev-wordt-evservice,404
www.evservice.eu/amina-s-zigbee-laadpaal,/products/amina-s-zigbee-laadpaal,200
www.evservice.eu/autonoom-rijden-nu-en-in-de-toekomst,/blog/autonoom-rijden-nu-en-in-de-toekomst,200
www.evservice.eu/black-friday,/,200
www.evservice.eu/chint-aardlekautomaat-1-fase,,Bezig met laden...
www.evservice.eu/elektrisch-rijden-en-het-klimaatakkoord,/blog/elektrisch-rijden-en-het-klimaatakkoord,200
www.evservice.eu/elektrische-auto-van-de-maand-aiways-u5,/blog/elektrische-auto-van-de-maand-aiways-u5,200
www.evservice.eu/ev-kabelgoot-tegel,,200
www.evservice.eu/ev-opladen-met-het-nieuwe-capaciteitstarief-in-belgië,/blog/ev-opladen-met-het-nieuwe-capaciteitstarief-in-belgië,Bezig met laden...
www.evservice.eu/ev-van-de-maand-mg-zs,/blog/ev-van-de-maand-mg-zs,200
www.evservice.eu/ev-van-de-maand-mini-electric,/blog/ev-van-de-maand-mini-electric,200
www.evservice.eu/ev-van-de-maand-opel-mokka-e,/blog/ev-van-de-maand-opel-mokka-e,200
www.evservice.eu/geen-eigen-oprit-maar-wel-je-ev-opladen-de-mogelijkheden,/blog/geen-eigen-oprit-maar-wel-je-ev-opladen-de-mogelijkheden,Bezig met laden...
www.evservice.eu/het-opladen-van-je-elektrische-auto-op-vakantie-in-europa,/blog/het-opladen-van-je-elektrische-auto-op-vakantie-in-europa,200
www.evservice.eu/innovatie-de-solid-state-batterij,/blog/innovatie-de-solid-state-batterij,200
www.evservice.eu/laadkabel-repareren,,Bezig met laden...
www.evservice.eu/laadkabel-tas-groen,/products/laadkabel-tas-groen,200
www.evservice.eu/laadpaal-delen-via-een-app-2,/blog/laadpaal-delen-via-een-app,200
www.evservice.eu/laadpaal-socket,,200
www.evservice.eu/maak-van-een-laadpaal-een-stopcontact,/blog/maak-van-een-laadpaal-een-stopcontact,404
www.evservice.eu/mitsubishi,/auto/mitsubishi,200
www.evservice.eu/onderhoud-en-keuring-van-laadpalen-en-zonnepanelen,/blog/onderhoud-en-keuring-van-laadpalen-en-zonnepanelen,200
www.evservice.eu/oprit-aanleggen-houd-rekening-met-een-toekomstige-laadpaal,/blog/oprit-aanleggen-houd-rekening-met-een-toekomstige-laadpaal,200
www.evservice.eu/ratio-home-box-type-2,,200
www.evservice.eu/thuislader-type-1,,200
www.evservice.eu/type-2-female-stekker,,200
www.evservice.eu/verloopkabel-type-1-naar-type-2,,200
www.evservice.eu/waarom-een-mobiele-lader-onmisbaar-is-tijdens-je-ev-autovakantie,/blog/waarom-een-mobiele-lader-onmisbaar-is-tijdens-je-ev-autovakantie,200
www.evservice.eu/wat-is-de-terugverdientijd-van-een-laadpaal,/blog/wat-is-de-terugverdientijd-van-een-laadpaal,200
www.evservice.eu/welke-laadpas-is-het-meest-geschikt-voor-mijn-situatie,/blog/welke-laadpas-is-het-meest-geschikt-voor-mijn-situatie,200
www.evservice.eu/zappi-meetklem-sensor,/products/zappi-meetklem-sensor-ct-klem,200
www.evservice.eu/zelf-een-laadstation-installeren,/blog/zelf-een-laadstation-installeren,200
www.evservice.eu/zencar-mobiele-lader-top-line,/products/zencar-mobiele-lader-top-line,200
www.evservice.eu/alfen-montagepaal,/products/alfen-montagepaal-voor-eve-single,200
www.evservice.eu/backoffice-bestaande-laadpaal,,200
www.evservice.eu/brandweer-komt-met-een-advies-voor-laadpalen-in-parkeergarages,/blog/brandweer-komt-met-een-advies-voor-laadpalen-in-parkeergarages,200
www.evservice.eu/evbee-mobiele-lader,/products/zencar-mobiele-lader-e-mini,Bezig met laden...
www.evservice.eu/houder-voor-mobiele-lader,/products/houder-voor-mobiele-lader,200
www.evservice.eu/innovaties-elektrisch-rijden-battery-swap,/blog/innovaties-elektrisch-rijden-battery-swap,200
www.evservice.eu/jaguar,/auto/jaguar,200
www.evservice.eu/kunststof-montage-paal,/products/kunststof-montage-paal,200
www.evservice.eu/laadkabeldrempel,,200
www.evservice.eu/laadpaal-met-load-balancing,,200
www.evservice.eu/montagepaal-voor-ratio-laadpaal,,200
www.evservice.eu/newmotion,,200
www.evservice.eu/opel-ampera,/auto/opel/opel-ampera,200
www.evservice.eu/opel-ampera-e,/auto/opel/opel-ampera-e,200
www.evservice.eu/polestar-2,/auto/polestart/polestar-2,200
www.evservice.eu/ratio-e-line-laadkabel-type-2-recht,,200
www.evservice.eu/tesla-model-3,/auto/tesla/tesla-model-3,200
www.evservice.eu/type-1-stekker-houder,,200
www.evservice.eu/wallbox-4g-dongel,,200
www.evservice.eu/wallbox-rfid-laadpas,,200
www.evservice.eu/4-zonnepanelen-set,/,200
www.evservice.eu/abarth-500e-cabriolet,/auto/abarth/abarth-500e-cabriolet,200
www.evservice.eu/audi-a1-e-tron-2,/auto/audi/audi-a1-e-tron-2,200
www.evservice.eu/audi-a3-e-tron,/auto/audi/audi-a3-e-tron,200
www.evservice.eu/audi-e-tron-gt,/auto/audi/audi-e-tron-gt,200
www.evservice.eu/audi-e-tron-quattro,/auto/audi/audi-e-tron-quattro,200
www.evservice.eu/audi-e-tron-s-sportback,/auto/audi/audi-e-tron-s-sportback,200
www.evservice.eu/audi-q4-e-tron,/auto/audi/audi-q4-e-tron,200
www.evservice.eu/audi-q4-e-tron-45-quattro,/auto/audi/audi-q4-e-tron-45-quattro,200
www.evservice.eu/audi-q6-e-tron-quattro,/auto/audi/audi-q6-e-tron-quattro,200
www.evservice.eu/audi-q7,/auto/audi/audi-q7,Bezig met laden...
www.evservice.eu/audi-q8-e-tron-50-quattro,/auto/audi/audi-q8-e-tron-50-quattro,200
www.evservice.eu/audi-q8-e-tron-55-quattro,/auto/audi/audi-q8-e-tron-55-quattro,200
www.evservice.eu/audi-q8-e-tron-sportback-55-quattro,/auto/audi/audi-q8-e-tron-sportback-55-quattro,200
www.evservice.eu/audi-sq6-e-tron,/auto/audi/audi-sq6-e-tron,Bezig met laden...
www.evservice.eu/bmw-225xe,/auto/bmw/bmw-225xe,200
www.evservice.eu/bmw-330e,/auto/bmw/bmw-330e,200
www.evservice.eu/bmw-530e,/auto/bmw/bmw-530e,200
www.evservice.eu/bmw-745e,/auto/bmw/bmw-745e,200
www.evservice.eu/bmw-i3,/auto/bmw/bmw-i3,200
www.evservice.eu/bmw-i4,/auto/bmw/bmw-i4,200
www.evservice.eu/bmw-i5-edrive40-sedan,/auto/bmw/bmw-i5-edrive40-sedan,200
www.evservice.eu/bmw-i5-m60-xdrive-touring,/auto/bmw/bmw-i5-m60-xdrive-touring,Bezig met laden...
www.evservice.eu/bmw-ix-xdrive,/auto/bmw/bmw-ix-xdrive,200
www.evservice.eu/bmw-ix-xdrive-40,/auto/bmw/bmw-ix-xdrive-40,Bezig met laden...
www.evservice.eu/bmw-ix-xdrive-50,/auto/bmw/bmw-ix-xdrive-50,200
www.evservice.eu/bmw-ix3,/auto/bmw/bmw-ix3,200
www.evservice.eu/bmw-x1-xdrive-25e,/auto/bmw/bmw-x1-xdrive-25e,200
www.evservice.eu/bmw-x3-xdrive30e,/auto/bmw/bmw-x3-xdrive30e,200
www.evservice.eu/bmw-x5-xdrive-45e,/auto/bmw/bmw-x5-xdrive-45e,Bezig met laden...
www.evservice.eu/byd-atto-3,/auto/byd/byd-atto-3,200
www.evservice.eu/byd-han,/auto/byd/byd-han,200
www.evservice.eu/byd-seal-825-kwh-awd-excellence,/auto/byd/byd-seal-825-kwh-awd-excellence,200
www.evservice.eu/byd-seal-u-718-kwh-comfort,/auto/byd/byd-seal-u-718-kwh-comfort,200
www.evservice.eu/byd-seal-u-87-kwh-design,/auto/byd/byd-seal-u-87-kwh-design,200
www.evservice.eu/byd-tang,/auto/byd/byd-tang,200
www.evservice.eu/chevrolet-volt,/auto/chevrolet/chevrolet-volt,200
www.evservice.eu/citroën-c5-aircross-hybride,/auto/citroen/citroen-c5-aircross-hybride,200
www.evservice.eu/citroën-e-c4,/auto/citroen/citroen-e-c4,Bezig met laden...
www.evservice.eu/citroën-e-mehari,/auto/citroen/citroen-e-mehari,200
www.evservice.eu/citroen-c-zero,/auto/citroen/citroen-c-zero,200
www.evservice.eu/citroen-e-c3,/auto/citroen/citroen-e-c3,Bezig met laden...
www.evservice.eu/citroen-e-c4-x,/auto/citroen/citroen-e-c4-x,200
www.evservice.eu/dacia-spring,/auto/dacia/dacia-spring,200
www.evservice.eu/dacia-spring-electric-45,/auto/dacia/dacia-spring-electric-45,200
www.evservice.eu/dacia-spring-electric-65,/auto/dacia/dacia-spring-electric-65,200
www.evservice.eu/doe-het-zelf-zonnepanelen-uitleg,/blog/doe-het-zelf-zonnepanelen-uitleg,404
www.evservice.eu/ds-3-e-tense,/auto/ds/ds-3-e-tense,Bezig met laden...
www.evservice.eu/ds-7-crossback-e-tense,/auto/ds/ds-7-crossback-e-tense,200
www.evservice.eu/fase-rotatiemeter-voor-3-fase-aansluitingen,/products/fase-rotatiemeter-voor-3-fase-aansluitingen,200
www.evservice.eu/fiat-500e,/auto/fiat/fiat-500e,200
www.evservice.eu/fisker-karma,/auto/fisker/fisker-karma,200
www.evservice.eu/ford-explorer-extended-range-rwd,/auto/ford/ford-explorer-extended-range-rwd,200
www.evservice.eu/ford-explorer-hybride,/auto/ford/ford-explorer-hybride,200
www.evservice.eu/ford-kuga-hybride,/auto/ford/ford-kuga-hybride,200
www.evservice.eu/ford-mustang-mach-e,/auto/ford/ford-mustang-mach-e,200
www.evservice.eu/ford-mustang-mach-e-sr-rwd,/auto/ford/ford-mustang-mach-e-sr-rwd,200
www.evservice.eu/honda-eny1,/auto/honda/honda-eny1,Bezig met laden...
www.evservice.eu/jeep-wrangler-4xe,/auto/jeep/jeep-wrangler-4xe,200
www.evservice.eu/kia-e-niro,auto/kia/kia-e-niro,404
www.evservice.eu/kia-ev6,/auto/kia/kia-ev6,200
www.evservice.eu/kia-ev6-gt,/auto/kia/kia-ev6-gt,Bezig met laden...
www.evservice.eu/kia-ev9-998-kwh-awd-gt-line,/auto/kia/kia-ev9-998-kwh-awd-gt-line,200
www.evservice.eu/kia-niro-hybride,/auto/kia/kia-niro-hybride,Bezig met laden...
www.evservice.eu/kia-soul-ev,/auto/kia/kia-soul-ev,200
www.evservice.eu/klantenservice/bedrijfsgegevens,/klantenservice/bedrijfsgegevens,200
www.evservice.eu/laadpalen-backoffice,,200
www.evservice.eu/lexus-ux-300e,/auto/lexus/lexus-ux-300e,200
www.evservice.eu/mazda-mx30,/auto/mazda/mazda-mx30,200
www.evservice.eu/mercedes-b-250e,/auto/mercedes/mercedes-b-250e,200
www.evservice.eu/mercedes-c-350e-plug-in,/auto/mercedes/mercedes-c-350e-plug-in,200
www.evservice.eu/mercedes-c-350e-plug-in-estate,/auto/mercedes/mercedes-c-350e-plug-in-estate,200
www.evservice.eu/mercedes-eqa,/auto/mercedes/mercedes-eqa,Bezig met laden...
www.evservice.eu/mercedes-eqb,/auto/mercedes/mercedes-eqb,200
www.evservice.eu/mercedes-eqc,/auto/mercedes/mercedes-eqc,200
www.evservice.eu/mercedes-eqs,/auto/mercedes/mercedes-eqs,200
www.evservice.eu/mercedes-eqv,/auto/mercedes/mercedes-eqv,200
www.evservice.eu/mercedes-glc-350e,/auto/mercedes/mercedes-glc-350e,200
www.evservice.eu/mercedes-gle-500e-plug-in,/auto/mercedes/mercedes-gle-500e-plug-in,200
www.evservice.eu/mercedes-vito-e-cell,/auto/mercedes/mercedes-vito-e-cell,200
www.evservice.eu/mg-marvel-r-performance,/auto/mg/mg-marvel-r-performance,200
www.evservice.eu/mg-mg4-electric-51-kwh,/auto/mg/mg-mg4-electric-51-kwh,Bezig met laden...
www.evservice.eu/mg-mg5,/auto/mg/mg-mg5,200
www.evservice.eu/mg-mg5-electric-long-range,/auto/mg/mg-mg5-electric-long-range,200
www.evservice.eu/mg-zs-ev-long-range,/auto/mg/mg-zs-ev-long-range,200
www.evservice.eu/mg-zs-ev-standard-range,/auto/mg/mg-zs-ev-standard-range,200
www.evservice.eu/mini-cooper-s-e,/auto/mini/mini-cooper-s-e,200
www.evservice.eu/mini-countryman-se-all4,/auto/mini/mini-countryman-se-all4,200
www.evservice.eu/mitsubishi-outlander-phev,/auto/mitsubishi/mitsubishi-outlander-phev,200
www.evservice.eu/newmotion-socket,,200
www.evservice.eu/nissan-ariya-87kwh,/auto/nissan/nissan-ariya-87kwh,200
www.evservice.eu/nissan-leaf,/auto/nissan/nissan-leaf,200
www.evservice.eu/opel-astra-sports-tourer-electric,/auto/opel/opel-astra-sports-tourer-electric,200
www.evservice.eu/opel-corsa-electric-50-kwh,/auto/opel/opel-corsa-electric-50-kwh,200
www.evservice.eu/opel-grandland-x-hybride,/auto/opel/opel-grandland-x-hybride,200
www.evservice.eu/opel-mokka-e,/auto/opel/opel-mokka-e,200
www.evservice.eu/peugeot-e-2008-suv,/auto/peugot/peugeot-e-2008-suv,Bezig met laden...
www.evservice.eu/peugeot-e-208-gt,/auto/peugot/peugeot-e-208-gt,200
www.evservice.eu/peugeot-e-3008-98-kwh-long-range,/auto/peugot/peugeot-e-3008-98-kwh-long-range,Bezig met laden...
www.evservice.eu/peugeot-e-5008-73-kwh,/auto/peugot/peugeot-e-5008-73-kwh,200
www.evservice.eu/peugeot-e-5008-98-kwh-long-range,/auto/peugot/peugeot-e-5008-98-kwh-long-range,Bezig met laden...
www.evservice.eu/peugeot-ion,/auto/peugot/peugeot-ion,200
www.evservice.eu/porsche-cayenne-s-e-hybrid,/auto/porsche/porsche-cayenne-s-e-hybrid,Bezig met laden...
www.evservice.eu/porsche-macan-4-electric,/auto/porsche/porsche-macan-4-electric,200
www.evservice.eu/porsche-panamera-4-e-hybrid,/auto/porsche/porsche-panamera-4-e-hybrid,Bezig met laden...
www.evservice.eu/porsche-taycan-4s,/auto/porsche/porsche-taycan-4s,200
www.evservice.eu/renault-kangoo-ze-phase-i,/auto/renault/renault-kangoo-ze-phase-i,200
www.evservice.eu/renault-megane,/auto/renault/renault-megane,200
www.evservice.eu/renault-megane-e-tech-ev60-220pk,/auto/renault/renault-megane-e-tech-ev60-220pk,200
www.evservice.eu/renault-scenic-e-tech-ev87-220pk-long-range,/auto/renault/renault-scenic-e-tech-ev87-220pk-long-range,200
www.evservice.eu/renault-twingo-electric,/auto/renault/renault-twingo-electric,200
www.evservice.eu/renault-zoe,/auto/renault/renault-zoe,200
www.evservice.eu/skoda-enyaq,/auto/skoda/skoda-enyaq,200
www.evservice.eu/skoda-enyaq-85,/auto/skoda/skoda-enyaq-85,200
www.evservice.eu/smart-3-premium,/auto/smart/smart-3-premium,Bezig met laden...
www.evservice.eu/support/backoffice-koppelen-wallbox,/klantenservice/technische-ondersteuning/laadpalen/wallbox/backoffice-koppelen-wallbox,200
www.evservice.eu/support/de-software-van-de-wallbox-updaten,/klantenservice/technische-ondersteuning/laadpalen/wallbox/de-software-van-de-wallbox-updaten,Bezig met laden...
www.evservice.eu/support/een-laadschema-voor-mijn-wallbox-instellen,/klantenservice/technische-ondersteuning/laadpalen/wallbox/een-laadschema-voor-mijn-wallbox-instellen,200
www.evservice.eu/support/gebruikers-toevoegen-aan-wallbox-lader,/klantenservice/technische-ondersteuning/laadpalen/wallbox/gebruikers-toevoegen-aan-wallbox-lader,200
www.evservice.eu/support/installatie-instructies-wallbox-pulsar-plus,/klantenservice/technische-ondersteuning/laadpalen/wallbox/installatie-instructies-wallbox-pulsar-plus,200
www.evservice.eu/support/wallbox-bluetooth-verbinding-herstellen,/klantenservice/technische-ondersteuning/laadpalen/wallbox/wallbox-bluetooth-verbinding-herstellen,Bezig met laden...
www.evservice.eu/support/wallbox-laadvermogen-instellen,/klantenservice/technische-ondersteuning/laadpalen/wallbox/wallbox-laadvermogen-instellen,200
www.evservice.eu/support/wallbox-lader-resetten,/klantenservice/technische-ondersteuning/laadpalen/wallbox/hoe-herstel-je-je-wallbox-lader-naar-de-fabrieksinstellingen,200
www.evservice.eu/support/wallbox-power-boost-(load-balancing)-aansluiten,/klantenservice/technische-ondersteuning/laadpalen/wallbox/wallbox-power-boost-load-balancing-aansluiten,200
www.evservice.eu/support/wallbox-verbinden-met-wifi,/klantenservice/technische-ondersteuning/laadpalen/wallbox/wallbox-verbinden-met-wifi,Bezig met laden...
www.evservice.eu/suzuki-across,/auto/suzuki/suzuki-across,200
www.evservice.eu/tesla-model-y,/auto/tesla/tesla-model-y,200
www.evservice.eu/tesla-model-y-performance,/auto/tesla/tesla-model-y-performance,200
www.evservice.eu/tesla-roadster,/auto/tesla/tesla-roadster,200
www.evservice.eu/toyota-bz4x-fwd,/auto/toyota/toyota-bz4x-fwd,200
www.evservice.eu/toyota-prius-plug-in-hybrid,/auto/toyota/toyota-prius-plug-in-hybrid,200
www.evservice.eu/toyota-proace,/auto/toyota/toyota-proace,200
www.evservice.eu/type-a-aardlekautomaat,,Bezig met laden...
www.evservice.eu/volkswagen-e-golf,/auto/volkswagen/volkswagen-e-golf,200
www.evservice.eu/volkswagen-e-up,/auto/volkswagen/volkswagen-e-up,Bezig met laden...
www.evservice.eu/volkswagen-golf-gte,/auto/volkswagen/volkswagen-golf-gte,200
www.evservice.eu/volkswagen-id-buzz-gtx,/auto/volkswagen/volkswagen-id-buzz-gtx,200
www.evservice.eu/volkswagen-id3,/auto/volkswagen/volkswagen-id3,200
www.evservice.eu/volkswagen-id4,/auto/volkswagen/volkswagen-id4,200
www.evservice.eu/volkswagen-id5-pro,/auto/volkswagen/volkswagen-id5-pro,200
www.evservice.eu/volkswagen-id7-pro,/auto/volkswagen/volkswagen-id7-pro,200
www.evservice.eu/volkswagen-passat-gte,/auto/volkswagen/volkswagen-passat-gte,200
www.evservice.eu/volvo-ec40-single-motor,/auto/volvo/volvo-ec40-single-motor,200
www.evservice.eu/volvo-ec40-single-motor-er,/auto/volvo/volvo-ec40-single-motor-er,200
www.evservice.eu/volvo-ec40-twin-motor-performance,/auto/volvo/volvo-ec40-twin-motor-performance,200
www.evservice.eu/volvo-ex30-single-motor,/auto/volvo/volvo-ex30-single-motor,200
www.evservice.eu/volvo-ex30-single-motor-er,/auto/volvo/volvo-ex30-single-motor-er,Bezig met laden...
www.evservice.eu/volvo-ex30-twin-motor-performance,/auto/volvo/volvo-ex30-twin-motor-performance,200
www.evservice.eu/volvo-ex40-twin-motor-performance,/auto/volvo/volvo-ex40-twin-motor-performance,200
www.evservice.eu/volvo-ex90-single-motor,/auto/volvo/volvo-ex90-single-motor,200
www.evservice.eu/volvo-v60,/auto/volvo/volvo-v60,Bezig met laden...
www.evservice.eu/volvo-v90-2,/auto/volvo/volvo-v90-2,200
www.evservice.eu/volvo-xc-60-plugin-hybride,/auto/volvo/volvo-xc-60-plugin-hybride,200
www.evservice.eu/volvo-xc-90-t8-twin-engine,/auto/volvo/volvo-xc-90-t8-twin-engine,200
www.evservice.eu/volvo-xc40,/auto/volvo/volvo-xc40,200
www.evservice.eu/wallbox-commander-2s,,200
www.evservice.eu/webasto-pure,,200
www.evservice.eu/xiaomi-su7,/auto/xiaomi/xiaomi-su7,200
www.evservice.eu/zappi-hub,,200
www.evservice.eu/zappi-laadpaal,,Bezig met laden...
www.evservice.eu/zappi-v2-kabel?utm_source=marktplaats&utm_campaign=zappiv2vast,/products/zappi-v21,Bezig met laden...
www.evservice.eu/newmotion-home-fast,,200
www.evservice.eu/webasto-pure-22kw,,200
www.evservice.eu/zappi-v2-kabel?utm_source=marktplaats,/products/zappi-v21,200
evservice.eu/,/,Bezig met laden...
www.evservice.eu/verzend-en-retour,,200
www.evservice.eu/bmw-x5-xdrive-40e,/auto/bmw/bmw-x5-xdrive-40e,200
www.evservice.eu/ratio-e-line-laadkabel-type-2-recht?car=bmw-i4,,200
evservice.eu/webasto-pure-22kw,,200
www.evservice.eu/ratio-e-line-laadkabel-type-2-recht?car=bmw-i8,,200
www.evservice.eu/ratio-solar,,Bezig met laden...
www.evservice.eu/easee-verkoopverbod-nederland,/,200
www.evservice.eu/ratio-solar-wallbox-model-2023,,200
www.evservice.eu/over-4ev,/over-evservice,404
www.evservice.eu/wallbox-pulsar-plus?utm_source=marktplaats&utm_campaign=wallboxpulsarplus,,200
www.evservice.eu/ev-kabelgoot-tegel?gclid=EAIaIQobChMI1YvU0Z3b6gIVS-d3Ch3uygqeEAQYAiABEgJuIfD_BwE,,200
www.evservice.eu/laadkabel-type-2-spiraal?car=bmw-i8,,Bezig met laden...
www.evservice.eu/laadkabel-type-2-spiraal?car=honda-e,,Bezig met laden...
www.evservice.eu/4ev-laadkabels,/categories/laadkabels,Bezig met laden...
www.evservice.eu/wanneer-is-een-mobiele-auto-lader-handig,/blog/wanneer-is-een-mobiele-auto-lader-handig,404
www.evservice.eu/laadkabel-type-2-spiraal?car=bmw-i3,,200
www.evservice.eu/adapter-kabels,,200
www.evservice.eu/porsche-panamera,/auto/porsche/porsche-panamera,200
www.evservice.eu/laadpalen,/categories/laadpalen,200
www.evservice.eu/wallbox-load-balancing,,Bezig met laden...
www.evservice.eu/wallbox-pulsar-plus?utm_source=marktplaats,,200
evservice.eu/installatie-toebehoren?pagenumber=2,/categories/installatie-toebehoren,200
www.evservice.eu/wallbox-pulsar-plus?utm_source=wallbox,,200
www.evservice.eu/modellen?utm_source=marktplaats,/auto,200
www.evservice.eu/laadpalen/,/collections/laadpalen,200
www.evservice.eu/ratio-thuislader-1-fase?car=bmw-i8,/products/ratio-thuislader-1-fase,200
www.evservice.eu/ratio-thuislader-type-1,,Bezig met laden...
www.evservice.eu/laadkabel-type-1-recht?car=citroen-c-zero,,200
evservice.eu/kia-soul-ev,/auto/kia/kia-soul-ev,200
www.evservice.eu/zonnepanelen-plat-dak,/,Bezig met laden...
www.evservice.eu/ratio,/collections/ratio-electric,200
www.evservice.eu/laadkabel-type-2-recht?car=honda-e,/products/laadkabel-type-2-recht,200
www.evservice.eu/laadkabel-type-2-recht?car=byd-han,/products/laadkabel-type-2-recht,200
www.evservice.eu/ratio-laadkabel-type-2-recht?car=byd-han,/products/laadkabel-type-2-recht,200
www.evservice.eu/laadkabel-type-2-recht?car=mg-mg5,/products/laadkabel-type-2-recht,200
www.evservice.eu/ratio-laadkabel-type-2-recht?car=bmw-i4,/products/laadkabel-type-2-recht,200
www.evservice.eu/laadstation-vaste-laadkabel,,200
www.evservice.eu/laadkabel-type-1-recht?car=peugeot-partner-ev,,Bezig met laden...
www.evservice.eu/ratio-home-box-type-2?utm_source=marktplaats,,200
www.evservice.eu/mobiele-lader-type-2,/categories/mobiele-autolader,200
www.evservice.eu/zencar-mobiele-lader-e-mini-2,,Bezig met laden...
www.evservice.eu/thuislader-type-2,/categories/mobiele-autolader,Bezig met laden...
www.evservice.eu/ratio-laadkabel-type-1?car=fisker-karma,,200
www.evservice.eu/mennekes-laadkabel-type-2,,200
www.evservice.eu/ratio-laadkabel-type-1?car=type-1-kabels,/categories/laadkabel-type-1,200
www.evservice.eu/ratio-laadkabel-type-1?car=citroen-c-zero,/categories/laadkabel-type-1,200
www.evservice.eu/ratio-smart-box?utm_source=marktplaats,,200
www.evservice.eu/2-zonnepanelen-met-stekker?utm_source=marktplaats,,200
www.evservice.eu/mobiele-lader-type-2?car=mg-mg5,/products/zencar-mobiele-lader-e-mini,200
www.evservice.eu/charqe-lader-houder,,200
www.evservice.eu/ratio-smart-box?utm_source=marktplaats&utm_campaign=ratiosmartboxvast,,200
www.evservice.eu/3-fase-type-2-thuislader-5-meter-cee-16a,,200
www.evservice.eu/je-eigen-laadpaal-verhuren-via-een-app,/blog/je-eigen-laadpaal-verhuren-via-een-app,404
www.evservice.eu/ratio-e-line-laadkabel-type-2-recht?car=mg-mg5,,200
www.evservice.eu/welke-laadkabel,,200
www.evservice.eu/laadstations-2,/categories/laadpalen,200
www.evservice.eu/ratio-laadkabel-type-2-recht?car=mg-mg5,/products/laadkabel-type-2-recht,200
www.evservice.eu/ratio-laadkabel-type-2-spiraal?car=bmw-i8,/products/ratio-e-line-laadkabel-type-2-spiraal,200
www.evservice.eu/ratio-laadkabel-type-2-spiraal?car=byd-han,/products/ratio-e-line-laadkabel-type-2-spiraal,200
www.evservice.eu/ratio-smart-box-socket?utm_source=marktplaats,,Bezig met laden...
www.evservice.eu/laadstation-type-2,,200
www.evservice.eu/zonnepanelen-schuin-dak,/,200
www.evservice.eu/ford-mustand-mach-e-sr-rwd,/auto/ford/ford-mustand-mach-e-sr-rwd,200
evservice.eu/top-10-vragen-over-het-laden-van-een-elekrische-auto,/blog/top-10-vragen-over-het-laden-van-een-elekrische-auto,404
www.evservice.eu/top-10-vragen-over-het-laden-van-een-elekrische-auto,/blog/top-10-vragen-over-het-laden-van-een-elekrische-auto,404
www.evservice.eu/ratio-laadkabel-type-2-recht?car=kia-ev6-gt,,200
www.evservice.eu/?trk=public_post-text,/,200
evservice.eu/search,/,200
www.evservice.eu/laadstation-vaste-laadkabel?man=wallbox&pagesize=6&orderby=0,,200
www.evservice.eu/laadkabel-type-1-recht?car=volvo-ec40-single-motor,/categories/laadkabel-type-1,200
www.evservice.eu/laadkabel-type-2-recht?car=kia-ev6-gt,/products/laadkabel-type-2-recht,200
www.evservice.eu/type-2,/categories/laadkabel-type-2,200
evservice.eu/ratio-home-box-type-2,,Bezig met laden...
www.evservice.eu/laadkabel-type-2-spiraal?car=kia-ev6-gt,,200
www.evservice.eu/ratio-home-box-type-2?utm_source=marktplaats&utm_campaign=ratiohomebox,,200
www.evservice.eu/ratio-laadkabel-type-2-spiraal?car=byd-tang,/products/ratio-e-line-laadkabel-type-2-spiraal,Bezig met laden...
www.evservice.eu/electrisch-rijden-en-milieu-2,,200
www.evservice.eu/laadpaal-installatie-service,,Bezig met laden...
www.evservice.eu/laadpaal-installeren,,200
evservice.eu/blog/month/2021-6,/blog,200
evservice.eu/blog/month/2020-10,/blog,200
evservice.eu/blog/month/2021-3,/blog,200
evservice.eu/elektrische-en-hybride-autos-op-de-nederlandse-wegen,,200
www.evservice.eu/zaptec-go-2,/products/zaptec-go-2-bidirectioneel-laden,200
www.evservice.eu/contact/,/contact,404
www.evservice.eu/de-fiscale-voordelen-bij-aanschaf-van-een-laadpaal,/blog/de-fiscale-voordelen-bij-aanschaf-van-een-laadpaal,404
evservice.eu/de-aankoop-van-een-tweedehands-elektrische-auto,/blog/de-aankoop-van-een-tweedehands-elektrische-auto,200
evservice.eu/de-verplichting-van-een-laadpaal-bij-je-bedrijf,/blog/de-verplichting-van-een-laadpaal-bij-je-bedrijf,200
evservice.eu/mededeling-coronacrisis,/blog/mededeling-coronacrisis,404
evservice.eu/renault,/auto/renault,200
www.evservice.eu/blog/month/2025-8,/blog,200
evservice.eu/blog/month/2018-1,/blog,200
evservice.eu/blog/month/2020-3,/blog,200
www.evservice.eu/mobiele-autolader-type-2,,200
evservice.eu/blog/month/2019-2,/blog,200
evservice.eu/lexus,/auto/lexus,200
evservice.eu/blog/month/2019-4,/blog,200
evservice.eu/blog/month/2021-8,/blog,200
evservice.eu/fisker,/auto/fisker,200
evservice.eu/RichBlogSearch/ListResults,/,200
www.evservice.eu/wallboxen,,200
evservice.eu/kia-e-niro,/auto/kia/kia-e-niro,200
evservice.eu/zappi-laadpaal,/products/zappi-v21,200
evservice.eu/lightyear-2,/auto/lightyear,Bezig met laden...
evservice.eu/blog/month/2021-7,/blog,Bezig met laden...
evservice.eu/welke-grondkabel-moet-ik-aanleggen-voor-een-laadpaal-thuis,/blog/welke-grondkabel-moet-ik-aanleggen-voor-een-laadpaal-thuis,200
evservice.eu/elektrisch-rijden-en-het-klimaatakkoord,/blog/elektrisch-rijden-en-het-klimaatakkoord,200
evservice.eu/toyota-prius-plug-in-hybrid,/auto/toyota/toyota-prius-plug-in-hybrid,200
evservice.eu/type-1-kabels,,200
evservice.eu/citroën-berlingo-electric,,Bezig met laden...
evservice.eu/mini,/auto/mini,200
evservice.eu/ev-van-de-maand-mg-zs,/blog/ev-van-de-maand-mg-zs,Bezig met laden...
evservice.eu/peugeot-e-208-gt,,200
evservice.eu/audi-a1-e-tron-2,,Bezig met laden...
evservice.eu/tesla-roadster,,200
evservice.eu/waarom-zit-er-prijsverschil-tussen-laadpalen,/blog/waarom-zit-er-prijsverschil-tussen-laadpalen,200
evservice.eu/zappi-meetklem-sensor,,200
evservice.eu/top-10-vragen-over-het-laden-van-een-elektrische-auto,/blog/top-10-vragen-over-het-laden-van-een-elektrische-auto,200
evservice.eu/alfen-s-line-vaste-laadkabel,/products/alfen-s-line-vaste-laadkabel,200
evservice.eu/renault-kangoo-ze-phase-i,/auto/renault/renault-kangoo-ze-phase-i,200
evservice.eu/volvo,/auto/volvo,200
evservice.eu/grondkabel-4x4mm2-ymvk-as,,200
evservice.eu/ratio-solar-box-socket,,200
evservice.eu/houten-montage-paal,/products/houten-montage-paal,200
evservice.eu/chevrolet-spark-ev,/auto/chevrolet/chevrolet-spark-ev,200
evservice.eu/hyundai-ioniq,/auto/hyundai/hyundai-ioniq,200
evservice.eu/audi-a3-e-tron,/auto/audi/audi-a3-e-tron,200
evservice.eu/mercedes-eqc,/auto/mercedes/mercedes-eqc,Bezig met laden...
evservice.eu/bmw,/auto/bmw,Bezig met laden...
evservice.eu/nissan-leaf,/auto/nissan/nissan-leaf,200
evservice.eu/dacia-spring,/auto/dacia/dacia-spring,200
evservice.eu/nieuw-doe-het-zelf-zonnepanelen-sets,/blog/nieuw-doe-het-zelf-zonnepanelen-sets,200
evservice.eu/cadillac-elr,/auto/cadillac/cadillac-elr,200
evservice.eu/bmw-530e,/auto/bmw/bmw-530e,200
evservice.eu/blog/month/2021-5,/blog,200
evservice.eu/hoe-maak-ik-mijn-zonnepanelen-schoon,/blog/hoe-maak-ik-mijn-zonnepanelen-schoon,200
evservice.eu/mitsubishi,/auto/mitsubishi,200
evservice.eu/de-meest-voorkomende-problemen-bij-het-laden-van-een-elektrische-auto,/blog/de-meest-voorkomende-problemen-bij-het-laden-van-een-elektrische-auto,Bezig met laden...
evservice.eu/de-mogelijkheden-van-een-laadpas-voor-je-medewerkers,/blog/de-mogelijkheden-van-een-laadpas-voor-je-medewerkers,200
evservice.eu/tips-tricks-om-je-actieradius-te-verbeteren,/blog/tips-tricks-om-je-actieradius-te-verbeteren,200
evservice.eu/smart-fortwo-electric-drive,/auto/smart/smart-fortwo-electric-drive,200
evservice.eu/jaguar,/auto/jaguar,200
evservice.eu/wat-kost-elektrisch-rijden-in-2020,/blog/wat-kost-elektrisch-rijden-in-2020,200
evservice.eu/chint-aardlekautomaat-1-fase,,Bezig met laden...
evservice.eu/luxe-laadkabel-tas-groen,/products/laadkabel-tas-groen,200
evservice.eu/fisker-karma,/auto/fisker/fisker-karma,200
evservice.eu/byd,/auto/byd,200
evservice.eu/opel-ampera,/auto/opel/opel-ampera,200
evservice.eu/elektrische-auto-van-de-maand-aiways-u5,/blog/elektrische-auto-van-de-maand-aiways-u5,Bezig met laden...
evservice.eu/ev-kabelgoot-tegel,,Bezig met laden...
evservice.eu/skoda,/auto/skoda,200
evservice.eu/land-rover,/auto/land-rover,Bezig met laden...
evservice.eu/welke-laadpas-is-het-meest-geschikt-voor-mijn-situatie,/blog/welke-laadpas-is-het-meest-geschikt-voor-mijn-situatie,200
evservice.eu/de-opmars-van-elektrische-autos-uit-china,/blog/de-opmars-van-elektrische-autos-uit-china,200
evservice.eu/offerte-aanvragen,,200
evservice.eu/installatiepakket-3-fase,,200
evservice.eu/lucid-air,/auto/lucid/lucid-air,200
evservice.eu/blog/month/2018-10,/blog,200
evservice.eu/vacatures,/,200
evservice.eu/dacia,/auto/dacia,Bezig met laden...
evservice.eu/wallbox-pulsarpulsar-plus-front-cover,,200
evservice.eu/installatiepakket-1-fase,,200
evservice.eu/nu-is-de-perfecte-tijd-om-een-laadpaal-te-laten-installeren,/blog/nu-is-de-perfecte-tijd-om-een-laadpaal-te-laten-installeren,200
evservice.eu/chint-aardlekautomaat-3-fase,,200
evservice.eu/de-top-3-meest-verkochte-elektrische-autos,/blog/de-top-3-meest-verkochte-elektrische-autos,200
evservice.eu/wallbox-power-boost-module,,200
evservice.eu/nieuwe-innovaties-lantaarnpaal-als-laadpunt,/blog/nieuwe-innovaties-lantaarnpaal-als-laadpunt,200
evservice.eu/nieuw-in-ons-assortiment-van-meerpaal-naar-laadpaal,/blog/nieuw-in-ons-assortiment-van-meerpaal-naar-laadpaal,Bezig met laden...
evservice.eu/ev-van-de-maand-hyundai-ioniq-5,/blog/ev-van-de-maand-hyundai-ioniq-5,Bezig met laden...
evservice.eu/de-apk-voor-elektrische-autos,/blog/de-apk-voor-elektrische-autos,200
evservice.eu/vve,/vve,404
evservice.eu/zonnepanelen-en-meer-in-2021,/blog/zonnepanelen-en-meer-in-2021,Bezig met laden...
evservice.eu/alfen-eve-double-pro-socket,/products/alfen-eve-double-pro-socket,200
evservice.eu/passwordrecovery,/account,200
evservice.eu/verzend-en-retour,,Bezig met laden...
evservice.eu/ratio-home-box-installatie,,200
evservice.eu/3-fase-type-2-thuislader,,200
evservice.eu/tesla-suv-model-x,/auto/tesla/tesla-suv-model-x,200
evservice.eu/webasto-pure,,200
evservice.eu/accessoires,,200
evservice.eu/mercedes-a-klasse-e-cell,/auto/mercedes/mercedes-a-klasse-e-cell,200
evservice.eu/ratio-thuislader-1-fase,/products/ratio-thuislader-1-fase,Bezig met laden...
evservice.eu/wallbox-copper-socket-b,,200
evservice.eu/volkswagen-passat-gte,/auto/volkswagen/volkswagen-passat-gte,200
evservice.eu/sono-motors,/auto/sono-motors,200
evservice.eu/algemeen,/auto/algemeen,200
evservice.eu/fiat,/auto/fiat,200
evservice.eu/installatie-service,/installatie-service,Bezig met laden...
evservice.eu/peugeot-e-2008-suv,/auto/peugot/peugeot-e-2008-suv,200
evservice.eu/blog/month/2021-4,/blog,Bezig met laden...
evservice.eu/geld-verdienen-met-je-elektrische-auto,/blog/geld-verdienen-met-je-elektrische-auto,200
evservice.eu/type-1-stekker-houder,,Bezig met laden...
evservice.eu/electrisch-rijden-en-milieu-2,/blog/electrisch-rijden-en-milieu,Bezig met laden...
evservice.eu/financiële-voordelen-elektrische-rijden,/blog/financiele-voordelen-elektrische-rijden,Bezig met laden...
evservice.eu/mobiele-lader-type-2-6-meter-16a-3-fase-2,/products/mobiele-lader-type-2-6-meter-16a-3-fase,Bezig met laden...
evservice.eu/wallbox-pulsar-plus,,Bezig met laden...
evservice.eu/laadkabels?pagenumber=7,/categories/laadkabels,200
evservice.eu/terugkoop-garantie,,200
evservice.eu/mini-cooper-s-e,,200
evservice.eu/brandweer-komt-met-een-advies-voor-laadpalen-in-parkeergarages,,200
evservice.eu/ev-van-de-maand-bmw-ix3,,200
evservice.eu/oprit-aanleggen-houd-rekening-met-een-toekomstige-laadpaal,,Bezig met laden...
evservice.eu/utp-datakabel-buiten,,200
evservice.eu/zappi-v2-kabel,/products/zappi-v21,200
evservice.eu/audi-q7,,Bezig met laden...
evservice.eu/porsche-taycan,,200
evservice.eu/contactus,/contact,404
evservice.eu/elektrische-auto-thuis-opladen,/blog/elektrische-auto-thuis-opladen,200
evservice.eu/audi-q4-e-tron,,200
evservice.eu/laadpaal-bij-een-huurhuis-hier-moet-je-op-letten,,200
evservice.eu/ratio-solar-box,,200
evservice.eu/verloopkabel-type-1-naar-type-2,,200
evservice.eu/chevrolet-volt,/auto/chevrolet/chevrolet-volt,200
evservice.eu/ev-van-de-maand-mini-electric,/blog/ev-van-de-maand-mini-electric,Bezig met laden...
www.evservice.eu/renault-kangoo-ze-phase-ii,/auto/renault/renault-kangoo-ze-phase-ii,200
www.evservice.eu/wallbox-quasar,,200
evservice.eu/zappi-hub,,Bezig met laden...
evservice.eu/alfen-montagepaal,,200
evservice.eu/type-b-aardlekschakelaar,,Bezig met laden...
evservice.eu/mobiele-lader-auto-alternatief-vaste-laadpaal,,Bezig met laden...
evservice.eu/laadkabel-tas-zwart,/products/laadkabel-tas-zwart,Bezig met laden...
evservice.eu/luxe-laadkabel-tas-zwart,/products/luxe-laadkabel-tas-zwart,Bezig met laden...
evservice.eu/tesla-model-3,/auto/tesla/tesla-model-3,200
evservice.eu/laadpaal-inclusief-installatie,,200
evservice.eu/onderhoud-en-keuring-van-laadpalen-en-zonnepanelen,/blog/onderhoud-en-keuring-van-laadpalen-en-zonnepanelen,200
evservice.eu/laadkabel-tas-groen,/products/laadkabel-tas-groen,200
evservice.eu/ratio-smart-box,,Bezig met laden...
evservice.eu/4-zonnepanelen-set,/,200
evservice.eu/wallbox-commander-2,,200
evservice.eu/peugeot-partner-ev,/auto/peugeot/peugeot-partner-ev,Bezig met laden...
evservice.eu/geen-eigen-oprit-maar-wel-je-ev-opladen-de-mogelijkheden,/blog/geen-eigen-oprit-maar-wel-je-ev-opladen-de-mogelijkheden,200
evservice.eu/harvi,/products/harvi,200
evservice.eu/volkswagen-e-up,/auto/volkswagen/volkswagen-e-up,200
evservice.eu/din-rail-3-fase-kwh-meter,,Bezig met laden...
evservice.eu/laadkabeldrempel,,200
evservice.eu/audi-e-tron-gt,/auto/audi/audi-e-tron-gt,200
evservice.eu/nissan-e-nv200-evalia,/auto/nissan/nissan-e-nv200-evalia,Bezig met laden...
evservice.eu/adapter-laadsteker-type-1-auto-steker-type-2-16a,,200
evservice.eu/alfen-s-line-socket,/products/alfen-s-line-socket,200
evservice.eu/hoe-werkt-het-snelladen-van-een-elektrische-auto,/blog/hoe-werkt-het-snelladen-van-een-elektrische-auto,200
evservice.eu/laadpaal-in-combinatie-met-zonnepanelen,,200
evservice.eu/alfen-eve-single-pro-vaste-laadkabel,/products/alfen-eve-single-pro-vaste-laadkabel,200
evservice.eu/ford-c-max-energi,/auto/ford/ford-c-max-energi,Bezig met laden...
evservice.eu/hoe-houd-je-een-auto-laadkabel-schoon,/blog/hoe-houd-je-een-auto-laadkabel-schoon,200
evservice.eu/mitsubishi-i-miev,/auto/mitsubishi/mitsubishi-i-miev,200
evservice.eu/adapter-type-2-shuko-16a,/products/adapter-type-2-shuko-16a-stopcontact,200
evservice.eu/kia-niro-hybride,/auto/kia/kia-niro-hybride,200
evservice.eu/6-zonnepanelen-set,/,200
evservice.eu/renault-twizy,/auto/renault/renault-twizy,200
www.evservice.eu/charge-amps-halo,/,200
evservice.eu/ev-van-de-maand-opel-corsa-e,/blog/ev-van-de-maand-opel-corsa-e,200
www.evservice.eu/hoe-maak-ik-mijn-zonnepanelen-schoon,/blog/hoe-maak-ik-mijn-zonnepanelen-schoon,200
evservice.eu/polestar-2,/auto/polestar/polestar-2,200
evservice.eu/volvo-v60,/auto/volvo/volvo-v60,200
evservice.eu/verloopkabel-type-2-naar-type-1,/products/verloopkabel-type-2-naar-type-1,200
evservice.eu/keuzehulp-laadpaal-met-of-zonder-abonnement,/blog/keuzehulp-laadpaal-met-of-zonder-abonnement,Bezig met laden...
evservice.eu/waar-moet-je-op-letten-bij-de-aanschaf-van-een-ev,/blog/waar-moet-je-op-letten-bij-de-aanschaf-van-een-ev,200
evservice.eu/type-2-female-stekker,/products/type-2-stekker,200
evservice.eu/de-accu-en-de-actieradius-van-je-elektrische-auto,/blog/de-accu-en-de-actieradius-van-je-elektrische-auto,200
evservice.eu/ratio-smart-box-socket,,200
evservice.eu/ev-van-de-maand-seres-3,/blog/ev-van-de-maand-seres-3,404
evservice.eu/ratio-smart-box-spiraal,,200
www.evservice.eu/tesla-model-s,/auto/tesla/tesla-model-s,200
evservice.eu/renault-fluence,/auto/renault/renault-fluence,200
evservice.eu/maak-van-een-laadpaal-een-stopcontact,/blog/maak-van-een-laadpaal-een-stopcontact,404
www.evservice.eu/mg-marvel-r,/auto/mg/mg-marvel-r,200
evservice.eu/wat-kost-het-laten-installeren-van-een-laadpaal-thuis,/blog/wat-kost-het-laten-installeren-van-een-laadpaal-thuis,200
evservice.eu/register,/account,200
www.evservice.eu/type-2-mennekes,,200
evservice.eu/innovatie-de-solid-state-batterij,/blog/innovatie-de-solid-state-batterij,200
evservice.eu/opel-ampera-e,/auto/opel/opel-ampera-e,200
evservice.eu/webasto-live,,Bezig met laden...
evservice.eu/KiyohReview/Reviews?pagenumber=2,/,200
evservice.eu/volvo-c30-drive-electric,/auto/volvo/volvo-c30-drive-electric,200
evservice.eu/het-opladen-van-je-elektrische-auto-op-vakantie-in-europa,/blog/het-opladen-van-je-elektrische-auto-op-vakantie-in-europa,200
www.evservice.eu/zakelijke-fiscale-voordelen-bij-aanschaf-van-een-laadpaal,/blog/zakelijke-fiscale-voordelen-bij-aanschaf-van-een-laadpaal,404
evservice.eu/wettelijk-recht-van-retour,,200
evservice.eu/type-2-socket,,200
www.evservice.eu/bmw-i8,/auto/bmw/bmw-i8,200
evservice.eu/byd-build-your-dream-e6,/auto/byd/byd-build-your-dream-e6,200
www.evservice.eu/skoda-e-citigo,/auto/skoda/skoda-e-citigo,200
evservice.eu/4ev-wordt-evservice,/blog/4ev-wordt-evservice,Bezig met laden...
evservice.eu/het-aanmelden-van-zonnepanelen-bij-de-netwerkbeheerder,/blog/het-aanmelden-van-zonnepanelen-bij-de-netwerkbeheerder,200
evservice.eu/ev-van-de-maand-opel-mokka-e,/blog/ev-van-de-maand-opel-mokka-e,Bezig met laden...
evservice.eu/mercedes-gle-500e-plug-in,/auto/mercedes/mercedes-gle-500e-plug-in,200
www.evservice.eu/smart-fortwo-electric-drive,/auto/smart/smart-fortwo-electric-drive,Bezig met laden...
evservice.eu/kan-ik-mijn-elektrische-auto-opladen-via-zonnepanelen,/blog/kan-ik-mijn-elektrische-auto-opladen-via-zonnepanelen,200
evservice.eu/aanschafsubsidie-elektrische-auto-voor-particulieren-vanaf-1-juli-2020,/blog/aanschafsubsidie-elektrische-auto-voor-particulieren-vanaf-1-juli-2020,404
evservice.eu/ev-van-de-maand-dacia-spring,/blog/ev-van-de-maand-dacia-spring,200
evservice.eu/elektrisch-laden-verkeersbord,,200
www.evservice.eu/jaguar-i-pace,/auto/jaguar/jaguar-i-pace,Bezig met laden...
evservice.eu/smart-forfour,/auto/smart/smart-forfour,Bezig met laden...
evservice.eu/peugeot-ion,/auto/peugot/peugeot-ion,200
evservice.eu/opel-e-corsa,/auto/opel/opel-e-corsa,200
evservice.eu/elektrisch-rijden-wat-verandert-er-in-2021,/blog/elektrisch-rijden-wat-verandert-er-in-2021,200
www.evservice.eu/mg-zs-ev,/auto/mg/mg-zs-ev,200
evservice.eu/ds-3-crossback,/auto/ds/ds-3-crossback,200
evservice.eu/top-5-zakelijke-ev-modellen,/blog/top-5-zakelijke-ev-modellen,200
www.evservice.eu/ratio-laadkabel-type-2-speciale-aanbieding?car=byd-han,/products/ratio-e-line-laadkabel-type-2-recht,200
www.evservice.eu/ratio-laadkabel-type-2-speciale-aanbieding?car=kia-ev6,/products/ratio-e-line-laadkabel-type-2-recht,200
www.evservice.eu/ratio-laadkabel-type-2-speciale-aanbieding?car=bmw-330e,/products/ratio-e-line-laadkabel-type-2-recht,200
evservice.eu/laadkabel-repareren,,200
evservice.eu/login,/account,200
evservice.eu/laadpaal-accessoires,,200
evservice.eu/porsche,/auto/porsche,Bezig met laden...
evservice.eu/laadkabel-accessoires,/categories/laadkabel-accessoires,200
evservice.eu/KiyohReview/Reviews?pagenumber=5,/,200
evservice.eu/tesla-model-y,/auto/tesla/tesla-model-y,Bezig met laden...
evservice.eu/volkswagen,/auto/volkswagen,200
evservice.eu/mg-zs-ev,/auto/mg/mg-zs-ev,200
www.evservice.eu/honda,/auto/honda,200
www.evservice.eu/hyundai-kona,/auto/hyundai/hyundai-kona,Bezig met laden...
www.evservice.eu/nissan-leaf-e,/auto/nissan/nissan-leaf-e,200
www.evservice.eu/6-zonnepanelen-set,/,200
www.evservice.eu/ratio-laadkabel-type-2-spiraal?car=kia-ev6-gt,/products/ratio-e-line-laadkabel-type-2-spiraal,200
www.evservice.eu/ratio-laadkabel-type-2-recht?car=smart-3-pro,/products/laadkabel-type-2-recht,200
www.evservice.eu/ratio-laadkabel-type-2-spiraal?car=smart-3-pro,/products/ratio-e-line-laadkabel-type-2-spiraal,200
www.evservice.eu/laadkabel-type-1-recht?car=volvo-ex90-twin-motor-performance,/products/laadkabel-type-1-recht,200
www.evservice.eu/ratio-laadkabel-type-1?car=volvo-ex30-twin-motor-performance,/products/laadkabel-type-1-recht,Bezig met laden...
www.evservice.eu/ratio-laadkabel-type-1?car=volvo-ex90-twin-motor-performance,/products/laadkabel-type-1-recht,Bezig met laden...
www.evservice.eu/laadkabel-type-2-spiraal?car=smart-3-pro,/products/laadkabel-type-2-recht,200
www.evservice.eu/laadkabel-type-1-recht?car=volvo-ex30-twin-motor-performance,/products/laadkabel-type-1-recht,200
www.evservice.eu/laadkabel-type-2-recht?car=smart-3-pro,/products/laadkabel-type-2-recht,200
www.evservice.eu/ratio-laadkabel-type-1?car=kia-ev6-long-range-awd,/products/laadkabel-type-1-recht,Bezig met laden...
www.evservice.eu/laadkabel-type-1-recht?car=mg-mg4-electric-51-kwh,/products/laadkabel-type-1-recht,200
www.evservice.eu/ratio-laadkabel-type-1?car=mini-countryman-se-all4,/products/laadkabel-type-1-recht,200
www.evservice.eu/laadkabel-type-1-recht?car=mini-countryman-se-all4,/products/laadkabel-type-1-recht,200
www.evservice.eu/laadkabel-type-1-recht?car=renault-kangoo-ze-phase-i,/products/laadkabel-type-1-recht,200
evservice.eu/laadpalen-verplicht-vanaf-maart-2020-voor-bedrijven-en-vves,/blog/laadpalen-verplicht-vanaf-maart-2020-voor-bedrijven-en-vves,404
www.evservice.eu/laadkabel-type-2-recht?car=lexus-rz-450e,/products/laadkabel-type-2-recht,200
www.evservice.eu/ratio-e-line-laadkabel-type-2-recht?car=bmw-745e,/products/ratio-e-line-laadkabel-type-2-recht,200
www.evservice.eu/ratio-e-line-laadkabel-type-2-recht?car=bmw-530e,/products/ratio-e-line-laadkabel-type-2-recht,200
www.evservice.eu/ratio-e-line-laadkabel-type-2-recht?car=honda-e,/products/ratio-e-line-laadkabel-type-2-recht,200
www.evservice.eu/ratio-e-line-laadkabel-type-2-recht?car=audi-q7,/products/ratio-e-line-laadkabel-type-2-recht,Bezig met laden...
www.evservice.eu/ratio-e-line-laadkabel-type-2-recht?car=byd-han,/products/ratio-e-line-laadkabel-type-2-recht,200
www.evservice.eu/ratio-e-line-laadkabel-type-2-recht?car=bmw-330e,/products/ratio-e-line-laadkabel-type-2-recht,200
www.evservice.eu/ratio-e-line-laadkabel-type-2-recht?car=fiat-600e,/products/ratio-e-line-laadkabel-type-2-recht,Bezig met laden...
www.evservice.eu/ratio-laadkabel-type-2-recht?car=ds-3-e-tense,/products/ratio-e-line-laadkabel-type-2-recht,200
www.evservice.eu/ratio-e-line-laadkabel-type-2-recht?car=mg-zs-ev,/products/ratio-e-line-laadkabel-type-2-recht,200
www.evservice.eu/ratio-e-line-laadkabel-type-2-recht?car=kia-ev6,/products/ratio-e-line-laadkabel-type-2-recht,200
www.evservice.eu/ratio-e-line-laadkabel-type-2-recht?car=bmw-ix3,/products/ratio-e-line-laadkabel-type-2-recht,200
www.evservice.eu/ratio-e-line-laadkabel-type-2-recht?car=seat-emii,/products/ratio-e-line-laadkabel-type-2-recht,200
www.evservice.eu/ratio-e-line-laadkabel-type-2-recht?car=aiways-u5,/products/ratio-e-line-laadkabel-type-2-recht,200
www.evservice.eu/ratio-e-line-laadkabel-type-2-recht?car=lucid-air,/products/ratio-e-line-laadkabel-type-2-recht,200
www.evservice.eu/laadkabel-type-2-recht?car=ds-3-e-tense,/products/laadkabel-type-2-recht,200
www.evservice.eu/ratio-e-line-laadkabel-type-2-recht?car=bmw-225xe,/products/ratio-e-line-laadkabel-type-2-recht,200
www.evservice.eu/ratio-e-line-laadkabel-type-2-recht?car=aiways-u6,/products/ratio-e-line-laadkabel-type-2-recht,200
www.evservice.eu/ratio-e-line-laadkabel-type-2-recht?car=byd-tang,/products/ratio-e-line-laadkabel-type-2-recht,Bezig met laden...
www.evservice.eu/ratio-laadkabel-type-2-spiraal?car=bmw-745e,/products/ratio-e-line-laadkabel-type-2-spiraal,200
www.evservice.eu/ratio-laadkabel-type-2-spiraal?car=lucid-air,/products/ratio-e-line-laadkabel-type-2-spiraal,200
www.evservice.eu/wat-betekenen-de-hoge-energieprijzen-voor-elektrisch-rijden,/blog/wat-betekenen-de-hoge-energieprijzen-voor-elektrisch-rijden,200
www.evservice.eu/ratio-laadkabel-type-2-spiraal?car=honda-eny1,/products/ratio-e-line-laadkabel-type-2-spiraal,200
www.evservice.eu/ratio-laadkabel-type-2-recht?car=honda-eny1,/products/ratio-e-line-laadkabel-type-2-recht,200
www.evservice.eu/laadkabel-type-2-spiraal?car=honda-eny1,/products/laadkabel-type-2-spiraal,200
www.evservice.eu/laadkabel-type-2-spiraal?car=fiat-600e,/products/laadkabel-type-2-spiraal,Bezig met laden...
www.evservice.eu/ratio-laadkabel-type-2-speciale-aanbieding?car=fiat-600e,/products/ratio-e-line-laadkabel-type-2-recht,200
www.evservice.eu/ratio-laadkabel-type-2-recht?car=citroen-e-c3,/products/ratio-e-line-laadkabel-type-2-recht,200
www.evservice.eu/ratio-laadkabel-type-2-spiraal?car=fiat-600e,/products/ratio-e-line-laadkabel-type-2-spiraal,200
www.evservice.eu/ratio-laadkabel-type-2-speciale-aanbieding?car=byd-tang,/products/ratio-e-line-laadkabel-type-2-recht,200
www.evservice.eu/laadkabel-type-2-recht?car=honda-eny1,/products/laadkabel-type-2-recht,200
www.evservice.eu/laadkabel-type-2-recht?car=citroen-e-c3,/products/laadkabel-type-2-recht,200
www.evservice.eu/ratio-laadkabel-type-2-speciale-aanbieding?car=citroen-e-c3,/products/ratio-e-line-laadkabel-type-2-recht,200
www.evservice.eu/accessoires,,200
www.evservice.eu/ratio-thuislader-1-fase?car=byd-han,/products/ratio-thuislader-1-fase,200
www.evservice.eu/ratio-laadkabel-type-2-spiraal?car=citroen-e-c3,/products/ratio-e-line-laadkabel-type-2-spiraal,200
www.evservice.eu/ratio-laadkabel-type-2-recht?car=fiat-600e,/products/ratio-e-line-laadkabel-type-2-recht,200
www.evservice.eu/laadkabel-type-2-spiraal?car=xiaomi-su7,/products/laadkabel-type-2-spiraal,Bezig met laden...
www.evservice.eu/laadkabel-type-2-spiraal?car=byd-atto-3,/products/laadkabel-type-2-spiraal,200
www.evservice.eu/ratio-laadkabel-type-2-recht?car=xiaomi-su7,/products/ratio-e-line-laadkabel-type-2-recht,200
www.evservice.eu/ratio-laadkabel-type-2-recht?car=byd-tang,/products/ratio-e-line-laadkabel-type-2-recht,Bezig met laden...
www.evservice.eu/ratio-laadkabel-type-2-speciale-aanbieding?car=xiaomi-su7,/products/ratio-e-line-laadkabel-type-2-recht,200
www.evservice.eu/ratio-thuislader-1-fase?car=byd-tang,/products/ratio-thuislader-1-fase,200
www.evservice.eu/ratio-laadkabel-type-2-spiraal?car=byd-atto-3,/products/ratio-e-line-laadkabel-type-2-spiraal,200
www.evservice.eu/ratio-laadkabel-type-2-recht?car=byd-atto-3,/products/ratio-e-line-laadkabel-type-2-recht,200
www.evservice.eu/laadkabel-type-2-recht?car=kia-ev6,/products/laadkabel-type-2-recht,Bezig met laden...
www.evservice.eu/ratio-laadkabel-type-2-speciale-aanbieding?car=aiways-u6,/products/ratio-e-line-laadkabel-type-2-recht,Bezig met laden...
www.evservice.eu/laadkabel-type-2-recht?car=abarth-500e,/products/laadkabel-type-2-recht,200
www.evservice.eu/ratio-laadkabel-type-2-spiraal?car=abarth-500e,/products/ratio-e-line-laadkabel-type-2-spiraal,200
www.evservice.eu/ratio-laadkabel-type-2-recht?car=abarth-500e,/products/ratio-e-line-laadkabel-type-2-recht,200
www.evservice.eu/ratio-laadkabel-type-2-recht?car=bmw-ix3,/products/ratio-e-line-laadkabel-type-2-recht,200
www.evservice.eu/algemeen,/categories/laadkabels,200
www.evservice.eu/laadkabel-type-2-spiraal?car=kia-optima,/products/laadkabel-type-2-spiraal,200
www.evservice.eu/de-opmars-van-elektrische-autos-uit-china,/blog/de-opmars-van-elektrische-autos-uit-china,200
www.evservice.eu/ratio-thuislader-1-fase?car=mg-mg5,/products/ratio-thuislader-1-fase,200
www.evservice.eu/ratio-thuislader-1-fase?car=audi-q7,/products/ratio-thuislader-1-fase,200
www.evservice.eu/ratio-thuislader-1-fase?car=mg-zs-ev,/products/ratio-thuislader-1-fase,Bezig met laden...
www.evservice.eu/ratio-thuislader-1-fase?car=kia-ev6,/products/ratio-thuislader-1-fase,Bezig met laden...
www.evservice.eu/ratio-thuislader-1-fase?car=lucid-air,/products/ratio-thuislader-1-fase,200
www.evservice.eu/ratio-thuislader-1-fase?car=bmw-i3,/products/ratio-thuislader-1-fase,200
www.evservice.eu/ratio-thuislader-1-fase?car=bmw-225xe,/products/ratio-thuislader-1-fase,200
www.evservice.eu/ratio-thuislader-1-fase?car=bmw-330e,/products/ratio-thuislader-1-fase,Bezig met laden...
www.evservice.eu/ratio-thuislader-1-fase?car=aiways-u5,/products/ratio-thuislader-1-fase,Bezig met laden...
www.evservice.eu/ratio-thuislader-1-fase?car=honda-e,/products/ratio-thuislader-1-fase,200
www.evservice.eu/ratio-thuislader-1-fase?car=bmw-i4,/products/ratio-thuislader-1-fase,200
www.evservice.eu/ratio-thuislader-1-fase?car=bmw-ix3,/products/ratio-thuislader-1-fase,200
www.evservice.eu/ratio-thuislader-1-fase?car=bmw-745e,/products/ratio-thuislader-1-fase,Bezig met laden...
www.evservice.eu/laadkabel-type-2-spiraal?car=seat-emii,/products/laadkabel-type-2-spiraal,Bezig met laden...
www.evservice.eu/laadkabel-type-2-spiraal?car=mg-marvel-r,/products/laadkabel-type-2-spiraal,200
www.evservice.eu/laadkabel-type-2-spiraal?car=mg-zs-ev,/products/laadkabel-type-2-spiraal,200
www.evservice.eu/laadkabel-type-2-recht?car=opel-e-corsa,/products/laadkabel-type-2-recht,200
www.evservice.eu/ratio-laadkabel-type-2-spiraal?car=renault-zoe,/products/ratio-e-line-laadkabel-type-2-spiraal,Bezig met laden...
www.evservice.eu/ratio-laadkabel-type-1?car=nissan-e-nv200-evalia,/products/laadkabel-type-1-recht,200
www.evservice.eu/ratio-laadkabel-type-2-speciale-aanbieding?car=opel-e-corsa,/products/ratio-e-line-laadkabel-type-2-recht,200
www.evservice.eu/laadkabel-type-2-spiraal?car=lucid-air,/products/laadkabel-type-2-spiraal,Bezig met laden...
www.evservice.eu/nissan,/auto/nissan,200
www.evservice.eu/ratio-laadkabel-type-1?car=hyundai-kona-2,/products/laadkabel-type-1-recht,200
www.evservice.eu/ratio-laadkabel-type-2-recht?car=skoda-enyaq,/products/ratio-e-line-laadkabel-type-2-recht,200
www.evservice.eu/laadkabel-type-2-recht?car=aiways-u5,/products/laadkabel-type-2-recht,200
www.evservice.eu/laadkabel-type-2-recht?car=mazda-mx30,/products/laadkabel-type-2-recht,200
www.evservice.eu/laadkabel-type-2-recht?car=nissan-ariya,/products/laadkabel-type-2-recht,200
www.evservice.eu/ratio-laadkabel-type-1?car=chevrolet-spark-ev,/products/laadkabel-type-1-recht,200
www.evservice.eu/laadkabel-type-2-recht?car=bmw-330e,/products/laadkabel-type-2-recht,200
www.evservice.eu/laadkabel-type-2-recht?car=byton-m-byte,/products/laadkabel-type-2-recht,200
www.evservice.eu/help-mijn-laadkabel-werkt-niet-meer,/blog/help-mijn-laadkabel-werkt-niet-meer,Bezig met laden...
www.evservice.eu/ratio-laadkabel-type-2-speciale-aanbieding?car=nissan-ariya,/products/ratio-e-line-laadkabel-type-2-recht,200
www.evservice.eu/ratio-laadkabel-type-2-speciale-aanbieding?car=aiways-u5,/products/ratio-e-line-laadkabel-type-2-recht,200
www.evservice.eu/laadkabel-type-2-recht?car=mercedes-eqa,/products/laadkabel-type-2-recht,200
www.evservice.eu/ratio-laadkabel-type-2-speciale-aanbieding?car=mg-zs-ev,/products/ratio-e-line-laadkabel-type-2-recht,200
www.evservice.eu/ratio-laadkabel-type-2-recht?car=bmw-225xe,/products/ratio-e-line-laadkabel-type-2-recht,200
www.evservice.eu/laadkabel-type-2-recht?car=bmw-740e-2,/products/laadkabel-type-2-recht,200
www.evservice.eu/ratio-laadkabel-type-2-spiraal?car=bmw-740e-2,/products/ratio-e-line-laadkabel-type-2-spiraal,200
www.evservice.eu/laadkabel-type-2-spiraal?car=bmw-530e,/products/laadkabel-type-2-spiraal,200
www.evservice.eu/laadkabel-type-2-spiraal?car=aiways-u5,/products/laadkabel-type-2-spiraal,Bezig met laden...
www.evservice.eu/laadkabel-type-2-spiraal?car=kia-e-soul,/products/laadkabel-type-2-spiraal,200
www.evservice.eu/laadkabel-type-2-spiraal?car=dacia-spring,/products/laadkabel-type-2-spiraal,200
www.evservice.eu/ratio-laadkabel-type-2-speciale-aanbieding?car=opel-ampera,,200
www.evservice.eu/ratio-laadkabel-type-2-spiraal?car=dacia-spring,/products/ratio-e-line-laadkabel-type-2-spiraal,200
www.evservice.eu/ratio-laadkabel-type-2-spiraal?car=skoda-enyaq,/products/ratio-e-line-laadkabel-type-2-spiraal,200
www.evservice.eu/ratio-laadkabel-type-2-recht?car=mazda-mx30,,Bezig met laden...
www.evservice.eu/ratio-laadkabel-type-2-spiraal?car=kia-optima,/products/ratio-e-line-laadkabel-type-2-spiraal,200
www.evservice.eu/ratio-laadkabel-type-2-speciale-aanbieding?car=mg-marvel-r,,200
www.evservice.eu/laadkabel-type-2-spiraal?car=sono-sion,/products/laadkabel-type-2-spiraal,200
www.evservice.eu/ratio-laadkabel-type-2-speciale-aanbieding?car=sono-sion,,200
www.evservice.eu/ratio-laadkabel-type-2-spiraal?car=aiways-u5,/products/ratio-e-line-laadkabel-type-2-spiraal,200
www.evservice.eu/ratio-laadkabel-type-2-speciale-aanbieding?car=kia-e-soul,/products/ratio-e-line-laadkabel-type-2-recht,200
www.evservice.eu/ratio-laadkabel-type-2-speciale-aanbieding?car=nissan-leaf,/products/ratio-e-line-laadkabel-type-2-recht,200
www.evservice.eu/ratio-laadkabel-type-2-spiraal?car=kia-e-niro,/products/ratio-e-line-laadkabel-type-2-spiraal,200
www.evservice.eu/ratio-laadkabel-type-2-recht?car=byton-m-byte,/products/ratio-e-line-laadkabel-type-2-recht,200
www.evservice.eu/ratio-laadkabel-type-2-recht?car=dacia-spring,/products/ratio-e-line-laadkabel-type-2-recht,200
www.evservice.eu/ratio-laadkabel-type-1?car=peugeot-partner-ev,,Bezig met laden...
www.evservice.eu/ratio-laadkabel-type-2-speciale-aanbieding?car=volvo-v90-2,/products/ratio-e-line-laadkabel-type-2-recht,200
www.evservice.eu/ratio-laadkabel-type-2-speciale-aanbieding?car=mercedes-eqv,/products/ratio-e-line-laadkabel-type-2-recht,200
www.evservice.eu/wallbox-pulsar-plus/?utm_source=wallbox,,200
evservice.eu/doe-het-zelf-zonnepanelen-sets,,Bezig met laden...
evservice.eu/verloop-kabels,,Bezig met laden...
www.evservice.eu/asdf,/,Bezig met laden...
evservice.eu/zakelijk,/zakelijk,404
evservice.eu/laadkabel-houder,/products/laadkabel-houder,200
www.evservice.eu/laadstations,/categories/laadpalen,200
www.evservice.eu/laadpaal,/categories/laadpalen,200
evservice.eu/wat-betekenen-de-hoge-energieprijzen-voor-elektrisch-rijden,/blog/wat-betekenen-de-hoge-energieprijzen-voor-elektrisch-rijden,200
evservice.eu/blog/month/2020-5,/blog,200
evservice.eu/PrivacyInfo,,200
www.evservice.eu/laadstations-info,,200
evservice.eu/blog/month/2020-4,/blog,200
evservice.eu/din-rail-kwh-meter,/products/din-rail-3-fase-kwh-meter-mid-modbus-chint,200
evservice.eu/blog/month/2020-8,/blog,200
evservice.eu/algemenevoorwaarden,,200
evservice.eu/volkswagen-id-neo,/auto/volkswagen/volkswagen-id-neo,200
evservice.eu/privacyinfo,,200
evservice.eu/adapter-laadstekker-type-2-auto-stekker-type-1-16a,,200
www.evservice.eu/citroën-mehari?pagesize=6,/auto/citroen/citroen-e-mehari,Bezig met laden...
evservice.eu/laadstations,/categories/laadpalen,200
evservice.eu/mennekes-laadkabel-type-2,,200
www.evservice.eu/new-motion-home-fast,/products/ratio-io6-laadpaal,Bezig met laden...
www.evservice.eu/installatie-toebehoren?pagesize=6&pagenumber=3,/categories/installatie-toebehoren,200
evservice.eu/laadstation,/categories/laadpalen,Bezig met laden...
evservice.eu/welke-laadkabel,,Bezig met laden...
www.evservice.eu/newmotion?utm_source=marktplaats,,Bezig met laden...
www.evservice.eu/fase-rotatiemeter-voor-3-fase-aansluitingen?car=bmw-i8,/products/fase-rotatiemeter-voor-3-fase-aansluitingen,200
www.evservice.eu/fase-rotatiemeter-voor-3-fase-aansluitingen?car=honda-e,/products/fase-rotatiemeter-voor-3-fase-aansluitingen,200
www.evservice.eu/zappi-v2-kabel/,,Bezig met laden...
www.evservice.eu/ratio-solar-box/,,200
www.evservice.eu/ratio-solar-box-zwart/,,200
www.evservice.eu/laadpaal-inclusief-installatie/,,200
www.evservice.eu/laadpaal-inclusief-installatie?pagesize=6,,Bezig met laden...
www.evservice.eu/laadpaal-inclusief-installatie?pagesize=3,,200
www.evservice.eu/amina-charging?orderby=6,/products/amina-s-zigbee-laadpaal,200
www.evservice.eu/laadpaal-met-vaste-kabel?pagenumber=2,,200
www.evservice.eu/laadpaal-socket?pagenumber=2,,Bezig met laden...
www.evservice.eu/evbee?orderby=15,,200
www.evservice.eu/easee?orderby=11&pagesize=9,,200
www.evservice.eu/evbee?orderby=0,,200
www.evservice.eu/evbee?orderby=5,,200
www.evservice.eu/easee?orderby=10&pagesize=9,,200
www.evservice.eu/laadpaal-inclusief-installatie?pagesize=9,,200
www.evservice.eu/easee?orderby=15&pagesize=9,,200
www.evservice.eu/thuislader-type-1?car=chevrolet-spark-ev,,200
www.evservice.eu/thuislader-type-1?car=citroen-c-zero,,200
www.evservice.eu/mobiele-lader-type-2-6-meter-16a-3-fase-2?car=bmw-i4,/products/mobiele-lader-type-2-6-meter-16a-3-fase,200
www.evservice.eu/mobiele-lader-type-2-6-meter-16a-3-fase-2?car=byd-han,/products/mobiele-lader-type-2-6-meter-16a-3-fase,Bezig met laden...
www.evservice.eu/mobiele-lader-type-2-6-meter-16a-3-fase-2?car=bmw-ix3,/products/mobiele-lader-type-2-6-meter-16a-3-fase,200
www.evservice.eu/wallbox-pulsar-plus/,,200
www.evservice.eu/zencar-mobiele-lader-top-line?car=bmw-i8,,200
www.evservice.eu/laadpaal-kopen?pagenumber=2,,200
www.evservice.eu/installatie-toebehoren?pagenumber=2,/categories/installatie-toebehoren,200
www.evservice.eu/zencar-mobiele-lader-top-line?car=byd-han,,Bezig met laden...
www.evservice.eu/zencar-mobiele-lader-top-line?car=bmw-i4,,200
www.evservice.eu/laadkabels?pagesize=10&pagenumber=61,/categories/laadkabels,Bezig met laden...
www.evservice.eu/zaptec?pagesize=6&orderby=11,/collections/zaptec,200
www.evservice.eu/alfen?orderby=10&pagesize=18,/collections/alfen,200
www.evservice.eu/easee?orderby=15&pagesize=6,/collections/easee,200
www.evservice.eu/easee?orderby=10&pagesize=6,/collections/easee,200
www.evservice.eu/easee?orderby=11&pagesize=3,/collections/easee,200
www.evservice.eu/easee?orderby=11&pagesize=6,/collections/easee,200
www.evservice.eu/chint?orderby=6&pagesize=6,,200
www.evservice.eu/chint?orderby=0&pagesize=3,,200
www.evservice.eu/easee?orderby=5&pagesize=6,/collections/easee,200
www.evservice.eu/zaptec?pagesize=9&orderby=5,/collections/zaptec,200
www.evservice.eu/alfen?orderby=6&pagesize=18,/collections/alfen,200
www.evservice.eu/alfen?orderby=11&pagesize=30,/collections/alfen,200
www.evservice.eu/ratio-electric?pagesize=24&orderby=15,/collections/ratio-electric,200
www.evservice.eu/zaptec?pagesize=6&orderby=15,/collections/zaptec,200
www.evservice.eu/alfen?orderby=15&pagesize=30,/collections/alfen,200
www.evservice.eu/ratio-electric?pagesize=18&orderby=0,/collections/ratio-electric,200
www.evservice.eu/laadpaal-met-load-balancing?pagenumber=2,,200
www.evservice.eu/laadpaal-met-load-balancing?pagenumber=3,,200
www.evservice.eu/laadkabel-type-1-recht?car=kia-ev6-long-range-awd,,200
www.evservice.eu/laadpaal-vve?pagesize=6,/categories/laadpaal-vve,200
www.evservice.eu/laadpaal-vve?pagenumber=2,/categories/laadpaal-vve,200
www.evservice.eu/mobiele-autolader?utm_source=marktplaats,,200
www.evservice.eu/2-zonnepanelen-met-stekker/,/,200
www.evservice.eu/laadpaal-accessoires?pagenumber=2,,200
www.evservice.eu/laadkabels?pagenumber=2,/categories/laadkabels,200
www.evservice.eu/fase-rotatiemeter-voor-3-fase-aansluitingen?car=byd-han,/products/fase-rotatiemeter-voor-3-fase-aansluitingen,200
www.evservice.eu/laadkabel-type-1-spiraal-2?car=fiat-500e,/products/laadkabel-type-1-spiraal,Bezig met laden...
www.evservice.eu/laadkabel-type-1-spiraal-2?car=citroen-c-zero,/products/laadkabel-type-1-spiraal,200
www.evservice.eu/laadkabel-type-1-spiraal-2?car=type-1-kabels,/products/laadkabel-type-1-spiraal,200
www.evservice.eu/evbee-mobiele-lader?car=bmw-i8,/products/zencar-mobiele-lader-e-mini,200
www.evservice.eu/alfen?orderby=6&pagesize=24,/collections/alfen,200
www.evservice.eu/evbee-mobiele-lader?car=bmw-745e,/products/zencar-mobiele-lader-e-mini,200
www.evservice.eu/thuislader-type-1?car=ford-focus-electric,/products/thuislader-type-1,200
www.evservice.eu/laadpaal-thuis?pagesize=3,/categories/laadpaal-thuis,Bezig met laden...
www.evservice.eu/alfen?orderby=11&pagesize=18,/collections/alfen,200
www.evservice.eu/amina-charging?orderby=5,/products/amina-s-zigbee-laadpaal,Bezig met laden...
www.evservice.eu/ratio-smart-box-socket/,,200
www.evservice.eu/alfen?orderby=15&pagesize=18,/collections/alfen,200
www.evservice.eu/AlgemeneVoorwaarden,/pagina/algemene-voorwaarden,500
www.evservice.eu/alfen?orderby=15&pagesize=24,/collections/alfen,200
www.evservice.eu/alfen?orderby=11&pagesize=24,/collections/alfen,Bezig met laden...
www.evservice.eu/alfen?orderby=10&pagesize=24,/collections/alfen,200
www.evservice.eu/alfen?orderby=6&pagesize=30,/collections/alfen,200
www.evservice.eu/alfen?orderby=10&pagesize=30,/collections/alfen,Bezig met laden...
www.evservice.eu/alfen?orderby=5&pagesize=30,/collections/alfen,Bezig met laden...
www.evservice.eu/ratio-electric?pagesize=24&orderby=5,/collections/ratio-electric,200
www.evservice.eu/amina-charging?orderby=11&pagesize=3,/products/amina-s-zigbee-laadpaal,200
www.evservice.eu/ratio-electric?pagesize=30&orderby=11,/collections/ratio-electric,200
www.evservice.eu/ratio-electric?pagesize=18&orderby=6,/collections/ratio-electric,200
www.evservice.eu/ratio-electric?pagesize=24&orderby=6,/collections/ratio-electric,200
www.evservice.eu/zaptec?pagesize=3&orderby=10,/collections/zaptec,200
www.evservice.eu/laadpaal-zakelijk?pagesize=3,laadpaal-zakelijk,200
www.evservice.eu/zaptec?pagesize=3&orderby=11,/collections/zaptec,200
www.evservice.eu/PrivacyInfo,,200
www.evservice.eu/black-friday?pagesize=15,/,200
www.evservice.eu/black-friday?pagesize=36,/,Bezig met laden...
www.evservice.eu/laadpaal-thuis?pagesize=9,/categories/laadpaal-thuis,200
www.evservice.eu/laadpaal-thuis?pagesize=6,/categories/laadpaal-thuis,200
www.evservice.eu/laadpaal-met-zonnepanelen?pagenumber=2,/,Bezig met laden...
www.evservice.eu/ev-reel-2?orderby=5&pagesize=9,/,200
www.evservice.eu/laadpaal-zakelijk?pagesize=9,laadpaal-zakelijk,200
www.evservice.eu/laadpaal-zakelijk?pagesize=6,laadpaal-zakelijk,200
www.evservice.eu/evbee-mobiele-lader?car=bmw-330e,/products/zencar-mobiele-lader-e-mini,200
www.evservice.eu/ratio-electric?pagesize=30&orderby=15,/collections/ratio-electric,Bezig met laden...
www.evservice.eu/zaptec?pagesize=6&orderby=0,/collections/zaptec,200
www.evservice.eu/zaptec?pagesize=6&orderby=10,/collections/zaptec,200
www.evservice.eu/zaptec?pagesize=9&orderby=6,/collections/zaptec,200
www.evservice.eu/zaptec?pagesize=6&orderby=5,/collections/zaptec,200
www.evservice.eu/ratio-electric?pagesize=30&orderby=0,/collections/ratio-electric,Bezig met laden...
www.evservice.eu/ratio-electric?pagesize=18&orderby=11,/collections/ratio-electric,200
www.evservice.eu/zaptec?pagesize=9&orderby=0,/collections/zaptec,200
www.evservice.eu/zaptec?pagesize=9&orderby=11,/collections/zaptec,200
www.evservice.eu/zaptec?pagesize=9&orderby=10,/collections/zaptec,200
www.evservice.eu/zaptec?pagesize=6&orderby=6,/collections/zaptec,200
www.evservice.eu/ratio-electric?pagesize=24&orderby=0,/collections/ratio-electric,200
www.evservice.eu/ratio-electric?pagesize=18&orderby=15,/collections/ratio-electric,200
www.evservice.eu/ratio-electric?pagesize=24&orderby=11,/collections/ratio-electric,200
www.evservice.eu/zaptec?pagesize=9&orderby=15,/collections/zaptec,Bezig met laden...
www.evservice.eu/evservice-2?orderby=10,/,200
www.evservice.eu/ratio-electric?pagesize=18&orderby=5,/collections/ratio-electric,200
www.evservice.eu/zaptec?pagesize=3&orderby=15,/collections/zaptec,200
www.evservice.eu/ratio-electric?pagesize=18&orderby=10,/collections/ratio-electric,200
www.evservice.eu/ratio-electric?pagesize=24&orderby=10,/collections/ratio-electric,200
www.evservice.eu/zaptec?pagesize=3&orderby=6,/collections/zaptec,200
www.evservice.eu/citroën-mehari?pagesize=9,/auto/citroen/citroen-e-mehari,200
www.evservice.eu/zencar-mobiele-lader-top-line?car=kia-ev6-gt,/products/zencar-mobiele-lader-top-line,200
www.evservice.eu/verloop-kabels?pagesize=10,/categories/laadkabel-verloopkabel,200
www.evservice.eu/zaptec?pagesize=3,/collections/zaptec,200
www.evservice.eu/ratio-electric?pagesize=30&orderby=5,/collections/ratio-electric,200
www.evservice.eu/ratio-electric?pagesize=30&orderby=10,/collections/ratio-electric,200
www.evservice.eu/ratio-electric?pagesize=30&orderby=6,/collections/ratio-electric,200
www.evservice.eu/evservice-2?orderby=6,/,200
www.evservice.eu/alfen?orderby=5,/collections/alfen,200
www.evservice.eu/ratio-electric?pagesize=30,/collections/ratio-electric,Bezig met laden...
www.evservice.eu/amina-charging?orderby=15&pagesize=3,/products/amina-s-zigbee-laadpaal,200
www.evservice.eu/type-1-kabels?utm_source=marktplaats,/categories/laadkabel-type-1,200
www.evservice.eu/type-1-kabels?utm_source=marktplaats&utm_campaign=type1laadkabel,/categories/laadkabel-type-1,200
www.evservice.eu/amina-charging?orderby=10&pagesize=3,/products/amina-s-zigbee-laadpaal,Bezig met laden...
www.evservice.eu/amina-charging?orderby=10&pagesize=9,/products/amina-s-zigbee-laadpaal,200
www.evservice.eu/amina-charging?orderby=15&pagesize=9,/products/amina-s-zigbee-laadpaal,200
www.evservice.eu/amina-charging?orderby=11&pagesize=9,/products/amina-s-zigbee-laadpaal,200
www.evservice.eu/amina-charging?orderby=11&pagesize=6,/products/amina-s-zigbee-laadpaal,200
www.evservice.eu/black-friday?pagesize=24,/,200
www.evservice.eu/laadkabel-accessoires?pagesize=15,/categories/laadkabel-accessoires,200
www.evservice.eu/amina-charging?orderby=0,/products/amina-s-zigbee-laadpaal,200
www.evservice.eu/ev-reel-2?orderby=0&pagesize=3,/,Bezig met laden...
www.evservice.eu/myenergi?orderby=5,,200
www.evservice.eu/myenergi?orderby=6,,200
www.evservice.eu/myenergi?orderby=0,,200
www.evservice.eu/laadpaal-vve?pagesize=3,/categories/laadpaal-vve,Bezig met laden...
www.evservice.eu/amina-charging?orderby=0&pagesize=6,/products/amina-s-zigbee-laadpaal,200
www.evservice.eu/laadkabels?pagenumber=58,/categories/laadkabels,200
www.evservice.eu/charge-amps?orderby=6&pagesize=3,/,Bezig met laden...
www.evservice.eu/charge-amps?pagesize=6,/,Bezig met laden...
www.evservice.eu/charge-amps?orderby=5&pagesize=3,/,200
www.evservice.eu/charqe?orderby=6,/,200
www.evservice.eu/charqe?orderby=0,/,200
www.evservice.eu/charqe?orderby=5,/,200
www.evservice.eu/chint?orderby=5,/,Bezig met laden...
www.evservice.eu/chint?orderby=0,/,200
www.evservice.eu/chint?orderby=6,/,200
www.evservice.eu/zencar-2?orderby=5,/,200
www.evservice.eu/zencar-2?orderby=6,/,200
www.evservice.eu/zencar-2?orderby=0,/,Bezig met laden...
www.evservice.eu/vacatures?trk=public_post_main-feed-card_feed-article-content,/,200
www.evservice.eu/laadpaal-accessoires?pagesize=20,/categories/laadpaal-accessoires,200
www.evservice.eu/laadpaal-accessoires?pagesize=50,/categories/laadpaal-accessoires,200
www.evservice.eu/wallbox-3?orderby=5,,Bezig met laden...
www.evservice.eu/chint?orderby=0&pagesize=6,,Bezig met laden...
www.evservice.eu/chint?orderby=5&pagesize=6,,200
www.evservice.eu/chint?orderby=6&pagesize=9,,200
www.evservice.eu/amina-charging?pagesize=6,/products/amina-s-zigbee-laadpaal,200
www.evservice.eu/amina-charging?orderby=5&pagesize=9,/products/amina-s-zigbee-laadpaal,Bezig met laden...
www.evservice.eu/amina-charging?pagesize=3&orderby=0,/products/amina-s-zigbee-laadpaal,200
www.evservice.eu/amina-charging?orderby=5&pagesize=6,/products/amina-s-zigbee-laadpaal,200
www.evservice.eu/amina-charging?pagesize=3,/products/amina-s-zigbee-laadpaal,Bezig met laden...
www.evservice.eu/amina-charging?orderby=10,/products/amina-s-zigbee-laadpaal,200
www.evservice.eu/amina-charging?orderby=15,/products/amina-s-zigbee-laadpaal,200
www.evservice.eu/amina-charging?orderby=0&pagesize=3,/products/amina-s-zigbee-laadpaal,Bezig met laden...
www.evservice.eu/amina-charging?orderby=6&pagesize=3,/products/amina-s-zigbee-laadpaal,200
www.evservice.eu/amina-charging?orderby=6&pagesize=9,/products/amina-s-zigbee-laadpaal,Bezig met laden...
www.evservice.eu/amina-charging?orderby=6&pagesize=6,/products/amina-s-zigbee-laadpaal,200
www.evservice.eu/amina-charging?orderby=5&pagesize=3,/products/amina-s-zigbee-laadpaal,200
www.evservice.eu/amina-charging?orderby=0&pagesize=9,/products/amina-s-zigbee-laadpaal,200
www.evservice.eu/amina-charging?pagesize=9,/products/amina-s-zigbee-laadpaal,200
www.evservice.eu/amina-charging?orderby=11,/products/amina-s-zigbee-laadpaal,200
www.evservice.eu/verloop-kabels?pagesize=50,,200
www.evservice.eu/verloop-kabels?pagesize=20,,Bezig met laden...
www.evservice.eu/laadkabels?pagenumber=7,/categories/laadkabels,200
www.evservice.eu/wallbox-3?pagesize=18&orderby=6,/categories/laadpalen,200
www.evservice.eu/wallbox-3?pagesize=24&orderby=6,/categories/laadpalen,200
www.evservice.eu/wallbox-3?pagesize=24&orderby=0,/categories/laadpalen,200
www.evservice.eu/wallbox-3?pagesize=24&orderby=5,/categories/laadpalen,Bezig met laden...
www.evservice.eu/wallbox-3?pagesize=18,/categories/laadpalen,Bezig met laden...
www.evservice.eu/wallbox-3?pagesize=24,/categories/laadpalen,200
www.evservice.eu/wallbox-3?pagesize=30,/categories/laadpalen,200
www.evservice.eu/easee?orderby=0,/collections/easee,200
www.evservice.eu/easee?orderby=6,/collections/easee,200
www.evservice.eu/easee?orderby=5,/collections/easee,200
www.evservice.eu/evservice-2?pagenumber=2,,200
www.evservice.eu/laadzuil?orderby=11,/categories/laadzuil,500
www.evservice.eu/alfen?pagesize=18,/collections/alfen,200
www.evservice.eu/alfen?pagesize=30,/collections/alfen,200
www.evservice.eu/myenergi?pagesize=30,,200
www.evservice.eu/charqe?orderby=6&pagesize=9,,200
www.evservice.eu/evservice-2?pagesize=9,,200
www.evservice.eu/laadzuil?orderby=15,/categories/laadzuil,500
www.evservice.eu/laadzuil?pagesize=3,/categories/laadzuil,Bezig met laden...
www.evservice.eu/chint?orderby=11,,200
www.evservice.eu/zencar-2?orderby=0&pagesize=9,,200
www.evservice.eu/ev-solar?orderby=0&pagesize=9,,200
www.evservice.eu/ev-solar?orderby=0&pagesize=6,,200
www.evservice.eu/ev-solar?orderby=6&pagesize=6,,200
www.evservice.eu/easee?orderby=10,/collections/easee,200
www.evservice.eu/myenergi?orderby=15,,200
www.evservice.eu/laadzuil?orderby=5,/categories/laadzuil,500
www.evservice.eu/easee?orderby=5&pagesize=9,/collections/easee,200
www.evservice.eu/new-motion?pagesize=6&orderby=6,/,200
www.evservice.eu/new-motion?pagesize=6&orderby=0,/,Bezig met laden...
www.evservice.eu/new-motion?pagesize=6&orderby=5,/,200
www.evservice.eu/new-motion?pagesize=9&orderby=5,/,200
www.evservice.eu/new-motion?pagesize=9,/,200
www.evservice.eu/new-motion?orderby=10,/,200
www.evservice.eu/wallbox-3?orderby=6,/categories/laadpalen,200
www.evservice.eu/chint?orderby=15,,Bezig met laden...
www.evservice.eu/evservice-2?pagenumber=21,/,Bezig met laden...
www.evservice.eu/evservice-2?pagenumber=22,/,200
www.evservice.eu/evservice-2?pagenumber=23,/,200
www.evservice.eu/evservice-2?pagenumber=24,/,200
www.evservice.eu/evservice-2?pagenumber=25,/,200
www.evservice.eu/evservice-2?pagenumber=26,/,200
www.evservice.eu/laadpaal-vve?pagesize=9,/categories/laadpaal-vve,200
www.evservice.eu/laadpaal-vve?pagesize=9&pagenumber=2,/categories/laadpaal-vve,200
www.evservice.eu/chint?pagesize=9,,Bezig met laden...
www.evservice.eu/alfen?orderby=0&pagesize=30,/collections/alfen,200
www.evservice.eu/alfen?orderby=5&pagesize=18,/collections/alfen,200
www.evservice.eu/alfen?orderby=0,/collections/alfen,200
www.evservice.eu/alfen?orderby=11,/collections/alfen,200
www.evservice.eu/alfen?orderby=10,/collections/alfen,200
www.evservice.eu/charqe?orderby=10,/,Bezig met laden...
www.evservice.eu/charqe?pagesize=12,/,200
www.evservice.eu/charqe?orderby=11,/,200
www.evservice.eu/charqe?pagesize=9,/,Bezig met laden...
www.evservice.eu/laadpaal-zakelijk?pagenumber=2,,200
www.evservice.eu/evservice-2?pagesize=6,,200
www.evservice.eu/chint?orderby=6&pagesize=3,,Bezig met laden...
www.evservice.eu/mobiele-lader-type-2?car=smart-3-pro,/products/zencar-mobiele-lader-e-mini,200
www.evservice.eu/thuislader-type-1?car=volvo-ex90-twin-motor-performance,,Bezig met laden...
www.evservice.eu/laadkabel-type-1-spiraal-2?car=volvo-ex30-twin-motor-performance,/products/laadkabel-type-1-spiraal,200
www.evservice.eu/laadkabel-type-1-spiraal-2?car=volvo-ec40-single-motor,/products/laadkabel-type-1-spiraal,200
www.evservice.eu/thuislader-type-1?car=kia-ev6-long-range-awd,,200
www.evservice.eu/laadkabel-type-1-spiraal-2?car=volvo-ex90-twin-motor-performance,/products/laadkabel-type-1-spiraal,Bezig met laden...
www.evservice.eu/thuislader-type-1?car=volvo-ex30-twin-motor-performance,,200
www.evservice.eu/chint?orderby=0&pagesize=9,,200
www.evservice.eu/myenergi?pagesize=18&orderby=0,,200
www.evservice.eu/myenergi?pagesize=18,,Bezig met laden...
www.evservice.eu/myenergi?pagesize=24,,Bezig met laden...
www.evservice.eu/alfen?orderby=6,/collections/alfen,200
www.evservice.eu/alfen?orderby=5&pagesize=24,/collections/alfen,Bezig met laden...
www.evservice.eu/charqe?pagesize=9&orderby=6,,200
www.evservice.eu/mobiele-lader-type-2?car=honda-eny1,/products/zencar-mobiele-lader-e-mini,200
www.evservice.eu/mobiele-lader-type-2?car=fiat-600e,/products/zencar-mobiele-lader-e-mini,200
www.evservice.eu/zencar-mobiele-lader-top-line?car=honda-eny1,,200
www.evservice.eu/mobiele-lader-type-2?car=citroen-e-c3,/products/zencar-mobiele-lader-e-mini,200
www.evservice.eu/zencar-mobiele-lader-top-line?car=honda-e,/products/zencar-mobiele-lader-top-line,Bezig met laden...
www.evservice.eu/zencar-mobiele-lader-top-line?car=xiaomi-su7,/products/zencar-mobiele-lader-top-line,200
www.evservice.eu/fase-rotatiemeter-voor-3-fase-aansluitingen?car=xiaomi-su7,/products/fase-rotatiemeter-voor-3-fase-aansluitingen,200
www.evservice.eu/chint?pagesize=6,,200
www.evservice.eu/mobiele-lader-type-2-6-meter-16a-3-fase-2?car=byd-tang,/products/mobiele-lader-type-2-6-meter-16a-3-fase,Bezig met laden...
www.evservice.eu/fase-rotatiemeter-voor-3-fase-aansluitingen?car=byd-tang,/products/fase-rotatiemeter-voor-3-fase-aansluitingen,200
www.evservice.eu/mobiele-lader-type-2?car=byd-han,/products/zencar-mobiele-lader-e-mini,200
www.evservice.eu/mobiele-lader-type-2-6-meter-16a-3-fase-2?car=kia-ev6,/products/mobiele-lader-type-2-6-meter-16a-3-fase,200
www.evservice.eu/fase-rotatiemeter-voor-3-fase-aansluitingen?car=byd-atto-3,/products/fase-rotatiemeter-voor-3-fase-aansluitingen,200
www.evservice.eu/mobiele-lader-type-2?car=byd-atto-3,/products/zencar-mobiele-lader-e-mini,200
www.evservice.eu/wallbox-3?orderby=11,/categories/laadpalen,200
www.evservice.eu/fase-rotatiemeter-voor-3-fase-aansluitingen?car=audi-q7,/products/fase-rotatiemeter-voor-3-fase-aansluitingen,200
www.evservice.eu/laadzuil?orderby=0,/categories/laadzuil,Bezig met laden...
www.evservice.eu/laadzuil?pagesize=3&orderby=5,/categories/laadzuil,500
www.evservice.eu/laadzuil?pagesize=9&orderby=0,/categories/laadzuil,500
www.evservice.eu/laadzuil?pagesize=6,/categories/laadzuil,500
www.evservice.eu/laadzuil?pagesize=9&orderby=5,/categories/laadzuil,500
www.evservice.eu/laadzuil?orderby=10,/categories/laadzuil,500
www.evservice.eu/laadzuil?pagesize=9,/categories/laadzuil,500
www.evservice.eu/alfen?pagesize=24,/collections/alfen,200
www.evservice.eu/evservice-2?orderby=11,,200
www.evservice.eu/easee?pagesize=9,/collections/easee,200
www.evservice.eu/wallbox-3?orderby=15,/categories/laadpalen,200
www.evservice.eu/wallbox-3?orderby=0,/categories/laadpalen,200
www.evservice.eu/wallbox-3?orderby=10,/categories/laadpalen,200
www.evservice.eu/evservice-2?pagesize=3,,200
www.evservice.eu/alfen?orderby=0&pagesize=24,/collections/alfen,200
www.evservice.eu/alfen?orderby=0&pagesize=18,/collections/alfen,200
www.evservice.eu/charqe?pagesize=9&orderby=0,,200
www.evservice.eu/evhub-2?orderby=0&pagesize=6,,200
www.evservice.eu/new-motion?orderby=5&pagesize=3,/,200
www.evservice.eu/new-motion?orderby=5,/,200
www.evservice.eu/easee?pagesize=3&orderby=5,/collections/easee,200
www.evservice.eu/myenergi?orderby=11,,200
www.evservice.eu/easee?pagesize=3&orderby=6,/collections/easee,200
www.evservice.eu/easee?pagesize=6&orderby=0,/collections/easee,200
www.evservice.eu/easee?pagesize=6&orderby=6,/collections/easee,200
www.evservice.eu/easee?pagesize=6&orderby=5,/collections/easee,200
www.evservice.eu/easee?pagesize=6,/collections/easee,200
www.evservice.eu/easee?orderby=15,/collections/easee,200
www.evservice.eu/easee?pagesize=3,/collections/easee,200
www.evservice.eu/new-motion?orderby=11&pagesize=6,/,200
www.evservice.eu/new-motion?orderby=10&pagesize=9,/,200
www.evservice.eu/new-motion?orderby=15,/,200
www.evservice.eu/new-motion?orderby=0,/,200
www.evservice.eu/evservice-2?orderby=15,,200
www.evservice.eu/wallbox-3?pagesize=3,/categories/laadpalen,Bezig met laden...
www.evservice.eu/myenergi?orderby=10,,200
www.evservice.eu/alfen?orderby=15,/collections/alfen,200
www.evservice.eu/evhub-2?orderby=15&pagesize=6,,200
www.evservice.eu/chint?pagesize=3,,200
www.evservice.eu/charqe?pagesize=9&orderby=5,,200
www.evservice.eu/charqe?pagesize=24,,200
www.evservice.eu/evhub-2?orderby=5&pagesize=6,,200
www.evservice.eu/ratio-electric?pagesize=24,,200
www.evservice.eu/charqe?orderby=0&pagesize=9,,200
www.evservice.eu/laadzuil?orderby=6,/categories/laadzuil,500
www.evservice.eu/myenergi?orderby=0&pagesize=30,,200
www.evservice.eu/myenergi?orderby=0&pagesize=18,,200
www.evservice.eu/myenergi?orderby=6&pagesize=18,,200
www.evservice.eu/myenergi?orderby=5&pagesize=18,,200
www.evservice.eu/myenergi?orderby=6&pagesize=30,,200
www.evservice.eu/myenergi?orderby=0&pagesize=24,,200
www.evservice.eu/myenergi?orderby=5&pagesize=30,,Bezig met laden...
www.evservice.eu/myenergi?orderby=5&pagesize=24,,200
www.evservice.eu/myenergi?orderby=6&pagesize=24,,200
www.evservice.eu/charqe?orderby=15,,200
www.evservice.eu/chint?orderby=10,,200
www.evservice.eu/evservice-2?orderby=0,,200
www.evservice.eu/evservice-2?orderby=5,,200
www.evservice.eu/laadpaal-zakelijk?pagesize=3&pagenumber=3,,200
www.evservice.eu/chint?pagesize=3&orderby=6,,200
www.evservice.eu/charqe?orderby=5&pagesize=9,/,200
www.evservice.eu/charqe?orderby=10&pagesize=9,/,200
www.evservice.eu/laadkabel-accessoires?pagenumber=3,/categories/laadkabel-accessoires,200
www.evservice.eu/wallbox-3?pagesize=3&orderby=0,/categories/laadpalen,200
www.evservice.eu/wallbox-3?pagesize=3&orderby=11,/categories/laadpalen,200
www.evservice.eu/mobiele-lader-type-2-6-meter-16a-3-fase-2?car=honda-e,/products/mobiele-lader-type-2-6-meter-16a-3-fase,200
www.evservice.eu/zencar-mobiele-lader-top-line?car=bmw-ix3,/products/zencar-mobiele-lader-top-line,200
www.evservice.eu/mobiele-lader-type-2-6-meter-16a-3-fase-2?car=kia-e-niro,/products/mobiele-lader-type-2-6-meter-16a-3-fase,200
www.evservice.eu/mobiele-lader-type-2-6-meter-16a-3-fase-2?car=renault-zoe,/products/mobiele-lader-type-2-6-meter-16a-3-fase,200
www.evservice.eu/mobiele-lader-type-2-6-meter-16a-3-fase-2?car=kia-optima,/products/mobiele-lader-type-2-6-meter-16a-3-fase,200
www.evservice.eu/mobiele-lader-type-2-6-meter-16a-3-fase-2?car=bmw-740e-2,/products/mobiele-lader-type-2-6-meter-16a-3-fase,200
www.evservice.eu/mobiele-lader-type-2?car=kia-e-soul,/categories/mobiele-autolader,200
www.evservice.eu/zencar-mobiele-lader-top-line?car=range-rover,/products/zencar-mobiele-lader-top-line,Bezig met laden...
www.evservice.eu/mobiele-lader-type-2?car=nissan-leaf,/categories/mobiele-autolader,200
www.evservice.eu/zencar-mobiele-lader-top-line?car=bmw-330e,/categories/mobiele-autolader,200
www.evservice.eu/mobiele-lader-type-2-6-meter-16a-3-fase-2?car=kia-e-soul,/products/mobiele-lader-type-2-6-meter-16a-3-fase,200
www.evservice.eu/mobiele-lader-type-2?car=renault-zoe,/categories/mobiele-autolader,200
www.evservice.eu/mobiele-lader-type-2-6-meter-16a-3-fase-2?car=bmw-530e,/products/mobiele-lader-type-2-6-meter-16a-3-fase,Bezig met laden...
www.evservice.eu/zencar-mobiele-lader-top-line?car=lucid-air,/products/zencar-mobiele-lader-top-line,Bezig met laden...
www.evservice.eu/zencar-mobiele-lader-top-line?car=bmw-745e,/products/zencar-mobiele-lader-top-line,200
www.evservice.eu/mobiele-lader-type-2?car=dacia-spring,/products/zencar-mobiele-lader-e-mini,200
www.evservice.eu/zencar-mobiele-lader-top-line?car=mazda-mx30,/products/zencar-mobiele-lader-top-line,200
www.evservice.eu/mobiele-lader-type-2?car=bmw-330e,/categories/mobiele-autolader,200
www.evservice.eu/mobiele-lader-type-2-6-meter-16a-3-fase-2?car=polestar-2,/products/mobiele-lader-type-2-6-meter-16a-3-fase,200
www.evservice.eu/mobiele-lader-type-2?car=seat-emii,/products/zencar-mobiele-lader-e-mini,200
www.evservice.eu/zencar-mobiele-lader-top-line?car=seat-emii,/products/zencar-mobiele-lader-top-line,200
www.evservice.eu/zencar-mobiele-lader-top-line?car=mg-zs-ev,/products/zencar-mobiele-lader-top-line,200
www.evservice.eu/mobiele-lader-type-2-6-meter-16a-3-fase-2?car=aiways-u5,/products/mobiele-lader-type-2-6-meter-16a-3-fase,200
www.evservice.eu/mobiele-lader-type-2-6-meter-16a-3-fase-2?car=mg-zs-ev,/products/mobiele-lader-type-2-6-meter-16a-3-fase,200
www.evservice.eu/mobiele-lader-type-2?car=mg-zs-ev,/products/zencar-mobiele-lader-e-mini,200
www.evservice.eu/zencar-mobiele-lader-top-line?car=renault-zoe,/products/zencar-mobiele-lader-top-line,200
www.evservice.eu/mobiele-lader-type-2-6-meter-16a-3-fase-2?car=mazda-mx30,/products/mobiele-lader-type-2-6-meter-16a-3-fase,Bezig met laden...
www.evservice.eu/mobiele-lader-type-2-6-meter-16a-3-fase-2?car=bmw-225xe,/products/mobiele-lader-type-2-6-meter-16a-3-fase,200
www.evservice.eu/zencar-mobiele-lader-top-line?car=bmw-225xe,/products/zencar-mobiele-lader-top-line,200
www.evservice.eu/mobiele-lader-type-2?car=aiways-u5,/products/zencar-mobiele-lader-e-mini,200
www.evservice.eu/zencar-mobiele-lader-top-line?car=volvo-v60,/products/zencar-mobiele-lader-e-mini,200
www.evservice.eu/zencar-mobiele-lader-top-line?car=bmw-530e,/products/zencar-mobiele-lader-e-mini,200
www.evservice.eu/mobiele-lader-type-2?car=polestar-2,/products/zencar-mobiele-lader-e-mini,Bezig met laden...
www.evservice.eu/fase-rotatiemeter-voor-3-fase-aansluitingen?car=fiat-500e,/products/fase-rotatiemeter-voor-3-fase-aansluitingen,200
www.evservice.eu/fase-rotatiemeter-voor-3-fase-aansluitingen?car=volvo-v60,/products/fase-rotatiemeter-voor-3-fase-aansluitingen,200
www.evservice.eu/fase-rotatiemeter-voor-3-fase-aansluitingen?car=kia-e-soul,/products/fase-rotatiemeter-voor-3-fase-aansluitingen,200
www.evservice.eu/fase-rotatiemeter-voor-3-fase-aansluitingen?car=kia-optima,/products/fase-rotatiemeter-voor-3-fase-aansluitingen,Bezig met laden...
www.evservice.eu/fase-rotatiemeter-voor-3-fase-aansluitingen?car=range-rover,/products/fase-rotatiemeter-voor-3-fase-aansluitingen,200
www.evservice.eu/fase-rotatiemeter-voor-3-fase-aansluitingen?car=bmw-740e-2,/products/fase-rotatiemeter-voor-3-fase-aansluitingen,200
www.evservice.eu/fase-rotatiemeter-voor-3-fase-aansluitingen?car=bmw-530e,/products/fase-rotatiemeter-voor-3-fase-aansluitingen,200
www.evservice.eu/fase-rotatiemeter-voor-3-fase-aansluitingen?car=polestar-2,/products/fase-rotatiemeter-voor-3-fase-aansluitingen,200
www.evservice.eu/fase-rotatiemeter-voor-3-fase-aansluitingen?car=cadillac-elr,/products/fase-rotatiemeter-voor-3-fase-aansluitingen,Bezig met laden...
www.evservice.eu/fase-rotatiemeter-voor-3-fase-aansluitingen?car=opel-ampera,/products/fase-rotatiemeter-voor-3-fase-aansluitingen,200
www.evservice.eu/fase-rotatiemeter-voor-3-fase-aansluitingen?car=seat-emii,/products/fase-rotatiemeter-voor-3-fase-aansluitingen,200
www.evservice.eu/laadpaal-kopen?pagesize=12,/categories/laadpalen,200
www.evservice.eu/charqe?orderby=0&pagesize=12,/,200
www.evservice.eu/ratio-electric?orderby=15,/collections/ratio-electric,200
www.evservice.eu/ratio-electric?orderby=11,/collections/ratio-electric,Bezig met laden...
www.evservice.eu/ratio-electric?orderby=0&pagesize=30,/collections/ratio-electric,200
www.evservice.eu/ratio-electric?orderby=5&pagesize=24,/collections/ratio-electric,200
www.evservice.eu/ratio-electric?orderby=5&pagesize=18,/collections/ratio-electric,200
www.evservice.eu/laadkabel-accessoires?pagesize=6,/categories/laadkabel-accessoires,200
www.evservice.eu/laadkabel-accessoires?pagesize=3,/categories/laadkabel-accessoires,200
www.evservice.eu/wallbox-3?pagesize=18&orderby=0,/categories/laadpalen,200
www.evservice.eu/zencar-2?orderby=0&pagesize=3,/,200
www.evservice.eu/zencar-2?orderby=6&pagesize=3,/,Bezig met laden...
www.evservice.eu/charqe?orderby=0&pagesize=24,/,200
www.evservice.eu/ratio-electric?orderby=6&pagesize=18,/collections/ratio-electric,200
www.evservice.eu/zencar-2?orderby=15,/,Bezig met laden...
www.evservice.eu/laadpaal-thuis?pagesize=3&pagenumber=3,/categories/laadpaal-thuis,Bezig met laden...
www.evservice.eu/laadpaal-zakelijk?pagesize=12,/laadpaal-zakelijk,404
www.evservice.eu/chint?orderby=5&pagesize=9,,200
www.evservice.eu/citroën-mehari?pagesize=3,/auto/citroen/citroen-e-mehari,200
www.evservice.eu/laadpaal-thuis?pagesize=3&pagenumber=2,/categories/laadpaal-thuis,Bezig met laden...
www.evservice.eu/mobiele-autolader?pagesize=3&pagenumber=3,/categories/mobiele-autolader,200
www.evservice.eu/laadpaal-thuis?pagenumber=2,/categories/laadpaal-thuis,200
www.evservice.eu/mobiele-autolader?pagenumber=2,/categories/mobiele-autolader,200
www.evservice.eu/mobiele-autolader?utm_source=marktplaats&pagenumber=2,/categories/mobiele-autolader,200
www.evservice.eu/installatie-toebehoren?pagesize=6&pagenumber=2,/categories/installatie-toebehoren,200
www.evservice.eu/evbee-mobiele-lader?car=audi-e-tron-quattro,/categories/mobiele-autolader,200
www.evservice.eu/evbee-mobiele-lader?car=opel-mokka-e,/categories/mobiele-autolader,200
www.evservice.eu/charge-amps?pagesize=3&orderby=0,/,200
www.evservice.eu/evbee-mobiele-lader?car=porsche-panamera-4-e-hybrid,/categories/mobiele-autolader,200
www.evservice.eu/evbee-mobiele-lader?car=tesla-suv-model-x,/categories/mobiele-autolader,Bezig met laden...
www.evservice.eu/evbee-mobiele-lader?car=nissan-leaf-e,/categories/mobiele-autolader,200
www.evservice.eu/laadkabel-type-1-spiraal-2?car=hyundai-kona-2,/products/laadkabel-type-1-spiraal,200
www.evservice.eu/evbee-mobiele-lader?car=tesla-roadster,/categories/mobiele-autolader,200
www.evservice.eu/laadkabel-type-1-spiraal-2?car=ford-c-max-energi,/products/laadkabel-type-1-spiraal,200
www.evservice.eu/evbee-mobiele-lader?car=toyota-prius-plug-in-hybrid,/categories/mobiele-autolader,200
www.evservice.eu/evbee-mobiele-lader?car=mercedes-a-klasse-e-cell,/categories/mobiele-autolader,200
www.evservice.eu/evbee-mobiele-lader?car=citro%C3%ABn-c5-aircross-hybride,/categories/mobiele-autolader,200
www.evservice.eu/evbee-mobiele-lader?car=peugeot-e-2008-suv,/categories/mobiele-autolader,200
www.evservice.eu/evbee-mobiele-lader?car=volkswagen-id4,/categories/mobiele-autolader,200
www.evservice.eu/evbee-mobiele-lader?car=citro%C3%ABn-berlingo-electric,/categories/mobiele-autolader,Bezig met laden...
www.evservice.eu/evbee-mobiele-lader?car=audi-a1-e-tron-2,/categories/mobiele-autolader,Bezig met laden...
www.evservice.eu/evbee-mobiele-lader?car=hyundai-ioniq-5,/categories/mobiele-autolader,200
www.evservice.eu/zencar-2?orderby=5&pagesize=9,/,200
www.evservice.eu/zencar-2?orderby=10,/,200
www.evservice.eu/zencar-2?orderby=11,/,200
www.evservice.eu/zencar-2?pagesize=6&orderby=0,/,200
www.evservice.eu/zencar-2?orderby=6&pagesize=9,/,200
www.evservice.eu/zencar-2?pagesize=9&orderby=0,/,200
www.evservice.eu/zencar-2?pagesize=6&orderby=6,/,200
www.evservice.eu/zencar-2?pagesize=9,/,200
www.evservice.eu/zencar-2?orderby=5&pagesize=3,/,Bezig met laden...
www.evservice.eu/zencar-2?pagesize=6,/,200
www.evservice.eu/zencar-2?pagesize=3,/,Bezig met laden...
www.evservice.eu/laadkabels?pagenumber=12,/categories/laadkabels,200
www.evservice.eu/mobiele-autolader?pagesize=6,/categories/mobiele-autolader,200
www.evservice.eu/mobiele-autolader?pagesize=3&pagenumber=2,/categories/mobiele-autolader,Bezig met laden...
www.evservice.eu/alfen?orderby=6&pagesize=9,/collections/alfen,Bezig met laden...
www.evservice.eu/alfen?orderby=10&pagesize=9,/collections/alfen,200
www.evservice.eu/laadpaal-vve?pagesize=3&pagenumber=4,/categories/laadpaal-vve,200
www.evservice.eu/new-motion?orderby=10&pagesize=3,/,200
www.evservice.eu/easee?orderby=5&pagesize=3,/collections/easee,200
www.evservice.eu/easee?orderby=11,/collections/easee,200
www.evservice.eu/new-motion?orderby=0&pagesize=3,/,200
www.evservice.eu/ratio-electric?orderby=10,/collections/ratio-electric,200
www.evservice.eu/ratio-electric?orderby=5&pagesize=30,/collections/ratio-electric,200
www.evservice.eu/ratio-electric?pagesize=18,/collections/ratio-electric,200
www.evservice.eu/ratio-electric?orderby=0&pagesize=18,/collections/ratio-electric,Bezig met laden...
www.evservice.eu/ratio-electric?orderby=0&pagesize=24,/collections/ratio-electric,200
www.evservice.eu/ratio-electric?orderby=0,/collections/ratio-electric,200
www.evservice.eu/ratio-electric?orderby=6,/collections/ratio-electric,200
www.evservice.eu/ratio-electric?orderby=5,/collections/ratio-electric,Bezig met laden...
www.evservice.eu/easee?orderby=0&pagesize=9,/collections/easee,200
www.evservice.eu/easee?orderby=6&pagesize=9,/collections/easee,200
www.evservice.eu/laadzuil?orderby=5&pagesize=9,/categories/laadzuil,500
www.evservice.eu/laadzuil?orderby=0&pagesize=9,/categories/laadzuil,500
www.evservice.eu/ev-solar?pagesize=6&orderby=6,/,Bezig met laden...
www.evservice.eu/laadzuil?orderby=0&pagesize=3,/categories/laadzuil,500
www.evservice.eu/laadzuil?pagesize=3&orderby=6,/categories/laadzuil,500
www.evservice.eu/laadzuil?pagesize=6&orderby=0,/categories/laadzuil,500
www.evservice.eu/laadzuil?orderby=6&pagesize=3,/categories/laadzuil,500
www.evservice.eu/laadzuil?orderby=5&pagesize=3,/categories/laadzuil,500
www.evservice.eu/laadpaal-vve?pagesize=3&pagenumber=3,/categories/laadpaal-vve,200
www.evservice.eu/laadpaal-vve?pagesize=3&pagenumber=2,/categories/laadpaal-vve,Bezig met laden...
www.evservice.eu/laadpaal-vve?pagesize=6&pagenumber=2,/categories/laadpaal-vve,200
www.evservice.eu/ev-solar?orderby=5&pagesize=9,/,200
www.evservice.eu/ev-solar?orderby=5&pagesize=3,/,200
www.evservice.eu/charqe?orderby=11&pagesize=9,/,200
www.evservice.eu/laadkabels?pagenumber=8,/categories/laadkabels,Bezig met laden...
www.evservice.eu/laadpaal-zakelijk?pagesize=3&pagenumber=2,/laadpaal-zakelijk,Bezig met laden...
www.evservice.eu/laadpaal-accessoires?pagesize=10,/categories/laadpaal-accessoires,200
www.evservice.eu/doe-het-zelf-zonnepanelen-sets?pagesize=9,/,200
www.evservice.eu/doe-het-zelf-zonnepanelen-sets?pagesize=3,/,200
www.evservice.eu/laadpaal-zakelijk?pagesize=6&pagenumber=2,laadpaal-zakelijk,200
www.evservice.eu/laadpaal-zakelijk?pagesize=3&pagenumber=4,laadpaal-zakelijk,200
www.evservice.eu/laadkabel-accessoires?pagesize=3&pagenumber=4,/categories/laadkabel-accessoires,200
www.evservice.eu/mobiele-autolader?pagesize=6&pagenumber=2,/categories/mobiele-autolader,200
www.evservice.eu/laadkabels?pagesize=50,/categories/laadkabels,200
www.evservice.eu/doe-het-zelf-zonnepanelen-sets?pagesize=3&pagenumber=2,/,200
www.evservice.eu/laadpaal-accessoires?pagesize=10&pagenumber=2,/categories/laadpaal-accessoires,200
www.evservice.eu/installatie-toebehoren?pagesize=15,/categories/installatie-toebehoren,200
www.evservice.eu/installatie-toebehoren?pagesize=30,/categories/installatie-toebehoren,200
www.evservice.eu/laadkabels?pagenumber=11,/categories/laadkabels,200
www.evservice.eu/laadkabel-accessoires?pagesize=9&pagenumber=2,/categories/laadkabel-accessoires,200
www.evservice.eu/laadkabels?pagenumber=57,/categories/laadkabels,200
www.evservice.eu/laadkabel-accessoires?pagesize=45,/categories/laadkabel-accessoires,200
www.evservice.eu/laadkabel-accessoires?pagesize=3&pagenumber=2,/categories/laadkabel-accessoires,200
www.evservice.eu/laadkabels?pagenumber=3,/categories/laadkabels,200
www.evservice.eu/laadkabels?pagenumber=4,/categories/laadkabels,200
www.evservice.eu/laadkabels?pagenumber=5,/categories/laadkabels,200
www.evservice.eu/laadpalen?pagesize=24,/categories/laadpalen,200
www.evservice.eu/laadkabels?pagenumber=9,/categories/laadkabels,200
www.evservice.eu/laadkabel-accessoires?pagesize=6&pagenumber=2,/categories/laadkabel-accessoires,200
www.evservice.eu/laadkabels?pagesize=10,/categories/laadkabels,200
www.evservice.eu/laadstation-vaste-laadkabel?man=wallbox&pagesize=18&orderby=0,/collections//laadpaal-met-vaste-kabel,200
www.evservice.eu/wallbox-pulsar-plus/?utm_source=marktplaats,,200
www.evservice.eu/mobiele-autolader?pagesize=9,/categories/mobiele-autolader,200
www.evservice.eu/mobiele-autolader?utm_source=marktplaats&pagesize=3&pagenumber=2,/categories/mobiele-autolader,200
www.evservice.eu/doe-het-zelf-zonnepanelen-sets?trk=public_post_main-feed-card_reshare_feed-article-content&pagesize=6,/,200
www.evservice.eu/doe-het-zelf-zonnepanelen-sets?trk=public_post_main-feed-card_reshare_feed-article-content&pagesize=9,/,Bezig met laden...
www.evservice.eu/doe-het-zelf-zonnepanelen-sets?trk=public_post_main-feed-card_reshare_feed-article-content&pagesize=3,/,Bezig met laden...
www.evservice.eu/doe-het-zelf-zonnepanelen-sets?trk=public_post_main-feed-card_reshare_feed-article-content,/,200
www.evservice.eu/laadstation-vaste-laadkabel?man=wallbox&pagesize=24&orderby=0,/collections/laadpaal-met-vaste-kabel,200
www.evservice.eu/installatie-toebehoren?pagesize=45,/categories/installatie-toebehoren,200
www.evservice.eu/mobiele-autolader?pagesize=3,/categories/mobiele-autolader,200
www.evservice.eu/laadkabel-accessoires?pagesize=30,/categories/laadkabel-accessoires,200
www.evservice.eu/laadkabels?pagenumber=6,/categories/laadkabels,Bezig met laden...
www.evservice.eu/mobiele-autolader?utm_source=marktplaats&pagesize=9,/categories/mobiele-autolader,200
evservice.eu/laadkabel-accessoires?pagenumber=2,/categories/laadkabel-accessoires,Bezig met laden...
www.evservice.eu/laadkabels?pagenumber=10,/categories/laadkabels,200
www.evservice.eu/laadkabel-accessoires?pagesize=3&pagenumber=3,/categories/laadkabel-accessoires,200
www.evservice.eu/laadstation-vaste-laadkabel?man=wallbox&pagesize=12&orderby=0,/collections//laadpaal-met-vaste-kabel,200
www.evservice.eu/installatie-toebehoren?pagesize=15&pagenumber=2,/categories/installatie-toebehoren,Bezig met laden...
www.evservice.eu/mobiele-autolader?utm_source=marktplaats&pagesize=3,/categories/mobiele-autolader,200
www.evservice.eu/doe-het-zelf-zonnepanelen-sets?pagesize=6,/,200
evservice.eu/AlgemeneVoorwaarden,/pagina/algemene-voorwaarden,Bezig met laden...
www.evservice.eu/laadkabel-accessoires?pagesize=9,/categories/laadkabel-accessoires,200
www.evservice.eu/t-popup/privacyinfo,/,Bezig met laden...
www.evservice.eu/installatie-toebehoren?pagesize=18,/categories/installatie-toebehoren,200
www.evservice.eu/installatie-toebehoren?pagesize=6,/categories/installatie-toebehoren,200
www.evservice.eu/installatie-toebehoren?pagesize=12,/categories/installatie-toebehoren,200
www.evservice.eu/wallboxen?orderby=0&pagesize=3,,200
www.evservice.eu/laadkabel-bmw-ix3-8-meter-16a-3-fase-recht,/categories/laadkabels,200
www.evservice.eu/laadkabel-opel-ampera-e-4-meter-32a-recht,/categories/laadkabels,200
www.evservice.eu/laadkabel-bmw-ix3-5-meter-16a-3-fase-spiraal,/categories/laadkabels,Bezig met laden...
evservice.eu/mobiele-lader-hyundai-kona-6-meter-16a,/categories/mobiele-autolader,200
www.evservice.eu/laadkabel-bmw-i8-5-meter-16a-spiraal,/categories/laadkabels,200
www.evservice.eu/laadkabel-fiat-500e-4-meter-32a-recht,/categories/laadkabels,200
evservice.eu/premium-laadkabel-volvo-xc-90-t8-twin-engine-4-meter-16a-recht,/categories/laadkabels,200
www.evservice.eu/laadkabel-volvo-xc-60-plugin-hybride-4-meter-16a-recht,/categories/laadkabels,200
www.evservice.eu/laadkabel-skoda-e-citigo-8-meter-16a-3-fase-recht,/categories/laadkabels,200
evservice.eu/laadkabel-volvo-xc-90-t8-twin-engine-5-meter-16a-spiraal,/categories/laadkabels,200
www.evservice.eu/laadkabel-volvo-v60-4-meter-16a-recht,/categories/laadkabels,200
www.evservice.eu/mobiele-lader-volvo-v60-6-meter-16a,/categories/mobiele-autolader,200
evservice.eu/laadkabel-citroen-c-zero-4-meter-16a-recht,/categories/laadkabels,200
evservice.eu/LightBoxDetail/LightBoxDetailPage,/,200
www.evservice.eu/laadkabel-honda-urban-ev-4-meter-16a-3-fase-recht,/categories/laadkabels,200
evservice.eu/laadkabel-volkswagen-e-golf-4-meter-16a-3-fase-recht,/categories/laadkabels,200
evservice.eu/premium-laadkabel-tesla-model-s-4-meter-32a-3-fase-recht,/categories/laadkabels,200
www.evservice.eu/premium-laadkabel-volvo-xc-60-plugin-hybride-4-meter-16a-recht,/categories/laadkabels,200
evservice.eu/laadkabel-volkswagen-e-golf-5-meter-16a-3-fase-spiraal,/categories/laadkabels,200
www.evservice.eu/laadkabel-audi-q4-e-tron-8-meter-16a-3-fase-recht,/categories/laadkabels,200
www.evservice.eu/ShoppingCart/productdetails_attributechange?productId=5019&validateAttributeConditions=False,/,200
www.evservice.eu/laadkabel-kia-niro-hybride-4-meter-16a-recht,/categories/laadkabels,200
www.evservice.eu/StockInfoPublic/StockMessageForAttribute?productId=5952,/,200
www.evservice.eu/ShoppingCart/productdetails_attributechange?productId=5951&validateAttributeConditions=False,/,200
www.evservice.eu/StockInfoPublic/StockMessageForAttribute?productId=2695,/,Bezig met laden...
www.evservice.eu/laadkabel-opel-ampera-e-5-meter-32a-spiraal,/categories/laadkabels,200
www.evservice.eu/premium-laadkabel-audi-e-tron-gt-4-meter-16a-3-fase-recht-2,/categories/laadkabels,200
www.evservice.eu/laadstation,/categories/laadpalen,200
www.evservice.eu/mobiele-lader-bmw-330e-6-meter-16a,/categories/mobiele-autolader,200
www.evservice.eu/StockInfoPublic/StockMessageForAttribute?productId=7159,/,200
www.evservice.eu/ShoppingCart/productdetails_attributechange?productId=7118&validateAttributeConditions=False,/,200
www.evservice.eu/stalen-paal,/,200
www.evservice.eu/ShoppingCart/productdetails_attributechange?productId=3312&validateAttributeConditions=False,/,Bezig met laden...
www.evservice.eu/laadkabel-mercedes-c-350e-plug-in-estate-spiraal,/categories/laadkabels,Bezig met laden...
www.evservice.eu/laadkabel-byd-build-your-dream-e6-8-meter-16a-3-fase-recht,/categories/laadkabels,200
www.evservice.eu/mobiele-lader-ford-focus-electric-6-meter-16a,/categories/mobiele-autolader,200
www.evservice.eu/StockInfoPublic/StockMessageForAttribute?productId=3193,/,200
www.evservice.eu/mobiele-lader-volkswagen-passat-gte-6-meter-16a,/categories/mobiele-autolader,200
www.evservice.eu/laadkabel-volkswagen-passat-gte-4-meter-16a-recht,/categories/laadkabels,200
www.evservice.eu/laadkabel-opel-e-corsa-spiraal-premium,/categories/laadkabels,200
www.evservice.eu/laadkabel-smart-fortwo-electric-drive-5-meter-32a-spiraal,/categories/laadkabels,Bezig met laden...
www.evservice.eu/laadkabel-nissan-leaf-e-recht,/categories/laadkabels,200
evservice.eu/mobiele-lader-hyundai-i10-6-meter-16a,/categories/mobiele-autolader,200
evservice.eu/brands,,200
www.evservice.eu/laadkabel-renault-fluence-8-meter-16a-recht,/categories/laadkabels,200
www.evservice.eu/thuislader-honda-jazz-ev,/categories/mobiele-autolader,200
www.evservice.eu/laadkabel-kia-optima-recht,/categories/laadkabels,200
evservice.eu/laadkabel-mercedes-vito-e-cell-4-meter-16a-3-fase-recht,/categories/laadkabels,Bezig met laden...
www.evservice.eu/StockInfoPublic/StockMessageForAttribute?productId=5882,/,200
www.evservice.eu/laadkabel-audi-e-tron-gt-5-meter-16a-3-fase-spiraal,/categories/laadkabels,200
www.evservice.eu/StockInfoPublic/StockMessageForAttribute?productId=7176,/,200
www.evservice.eu/mobiele-lader-bmw-225xe-6-meter-16a,/categories/mobiele-autolader,Bezig met laden...
www.evservice.eu/premium-laadkabel-porsche-taycan-4-meter-16a-3-fase-recht,/categories/laadkabels,200
www.evservice.eu/laadkabel-tesla-model-y-5-meter-16a-3-fase-spiraal,/categories/laadkabels,Bezig met laden...
www.evservice.eu/laadkabel-bmw-225xe-5-meter-16a-spiraal,/categories/laadkabels,200
www.evservice.eu/laadkabel-mini-cooper-s-e-8-meter-16a-3-fase-recht,/categories/laadkabels,200
www.evservice.eu/laadkabel-kia-soul-ev-recht,/categories/laadkabels,200
www.evservice.eu/laadkabel-skoda-e-citigo-5-meter-16a-3-fase-spiraal,/categories/laadkabels,200
www.evservice.eu/laadkabel-bmw-225xe-4-meter-16a-recht,/categories/laadkabels,Bezig met laden...
www.evservice.eu/laadkabel-type-1-6-meter-32a-recht,/categories/laadkabels,200
www.evservice.eu/thuislader-nissan-e-nv200-evalia,/categories/mobiele-autolader,Bezig met laden...
www.evservice.eu/mobiele-lader-smart-forfour-6-meter-16a,/categories/mobiele-autolader,200
www.evservice.eu/laadkabel-tesla-model-3-4-meter-16a-recht?gclid=CjwKCAjwqeWKBhBFEiwABo_XBpZiEzftOth6uLX86vBdPJ98hInj_pqLR7ncMqpnIKjnJQynkDT-cxoCz18QAvD_BwE,/categories/laadkabels,200
www.evservice.eu/laadkabel-mercedes-gle-550e-5-meter-16a-spiraal,/categories/laadkabels,200
www.evservice.eu/premium-laadkabel-audi-e-tron-quattro-4-meter-16a-3-fase-recht,/categories/laadkabels,Bezig met laden...
www.evservice.eu/mobiele-lader-renault-fluence-6-meter-16a,/categories/mobiele-autolader,200
www.evservice.eu/laadkabel-mercedes-glc-350e-recht-premium,/categories/laadkabels,Bezig met laden...
www.evservice.eu/thuislader-chevrolet-volt,/categories/mobiele-autolader,Bezig met laden...
www.evservice.eu/laadkabel-type-1-4-meter-16a-recht,/categories/laadkabels,200
www.evservice.eu/laadkabel-bmw-x5-xdrive45e-spiraal-2,/categories/laadkabels,200
www.evservice.eu/laadkabel-opel-e-corsa-8-meter-16a-3-fase-recht,/categories/laadkabels,200
www.evservice.eu/laadkabel-opel-ampera-hybride-8-meter-16a-recht,/categories/laadkabels,200
www.evservice.eu/support/wallbox,/klantenservice/technische-ondersteuning/laadpalen/wallbox,200
www.evservice.eu/premium-laadkabel-mercedes-vito-e-cell-4-meter-16a-3-fase-recht,/categories/laadkabels,200
www.evservice.eu/mobiele-lader-mercedes-c-350e-plug-in-6-meter-16a,/categories/mobiele-autolader,200
www.evservice.eu/laadkabel-mercedes-c-350e-plug-in-5-meter-16a-spiraal,/categories/laadkabels,200
www.evservice.eu/laadkabel-cadillac-elr-spiraal,/categories/laadkabels,200
www.evservice.eu/mobiele-lader-bmw-x5-xdrive40e-6-meter-16a,/categories/mobiele-autolader,200
www.evservice.eu/ShoppingCart/productdetails_attributechange?productId=5013&validateAttributeConditions=False,/,200
www.evservice.eu/premium-laadkabel-smart-forfour-4-meter-32-recht,/categories/laadkabels,200
www.evservice.eu/laadkabel-honda-jazz-ev-5-meter-32a-spiraal,/categories/laadkabels,200
www.evservice.eu/laadkabel-volvo-xc-60-plugin-hybride-5-meter-16a-spiraal,/categories/laadkabels,200
www.evservice.eu/laadkabel-mercedes-a-klasse-e-cell-5-meter-16a-3-fase-spiraal,/categories/laadkabels,200
www.evservice.eu/laadkabel-bmw-i8-4-meter-16a-recht,/categories/laadkabels,200
www.evservice.eu/laadkabel-mercedes-glc-350e-spiraal,/categories/laadkabels,Bezig met laden...
www.evservice.eu/StockInfoPublic/StockMessageForAttribute?productId=3139,/,200
www.evservice.eu/StockInfoPublic/StockMessageForAttribute?productId=7116,/,200
www.evservice.eu/laadkabel-volvo-v90-recht,/categories/laadkabels,200
www.evservice.eu/laadkabel-mg-zs-ev-5-meter-32a-spiraal,/categories/laadkabels,200
www.evservice.eu/StockInfoPublic/StockMessageForAttribute?productId=3332,/,200
www.evservice.eu/premium-laadkabel-mini-cooper-s-e-4-meter-16a-3-fase-recht,/categories/laadkabels,200
www.evservice.eu/laadkabel-mercedes-eqc-5-meter-32a-spiraal,/categories/laadkabels,200
www.evservice.eu/laadkabel-ds-3-crossback-5-meter-16a-3-fase-spiraal,/categories/laadkabels,200
evservice.eu/kabelhouder-type-1,,200
www.evservice.eu/mobiele-lader-chevrolet-spark-ev-6-meter-16a,/categories/mobiele-autolader,200
www.evservice.eu/premium-laadkabel-mg-zs-ev-4-meter-32-recht,/categories/laadkabels,200
www.evservice.eu/laadkabel-peugeot-partner-ev-5-meter-16a-spiraal,/categories/laadkabels,Bezig met laden...
www.evservice.eu/mobiele-lader-tesla-model-y-6-meter-16a-3-fase,/categories/mobiele-autolader,Bezig met laden...
www.evservice.eu/laadkabel-tesla-model-3-5-meter-16a-3-fase-spiraal,/categories/laadkabels,200
evservice.eu/laadkabel-mercedes-eqa-4-meter-16a-3-fase-recht,/categories/laadkabels,200
evservice.eu/laadkabel-mercedes-eqa-5-meter-16a-3-fase-spiraal,/categories/laadkabels,200
www.evservice.eu/StockInfoPublic/StockMessageForAttribute?productId=3303,/,200
www.evservice.eu/laadkabel-renault-kangoo-ze-phase-i-4-meter-16a-recht,/categories/laadkabels,200
www.evservice.eu/laadkabel-audi-e-tron-gt-4-meter-16a-3-fase-recht,/categories/laadkabels,200
evservice.eu/mobiele-lader-renault-zoe-6-meter-32a-3-fase,/categories/mobiele-autolader,200
www.evservice.eu/ShoppingCart/productdetails_attributechange?productId=7122&validateAttributeConditions=False,/,200
www.evservice.eu/ShoppingCart/productdetails_attributechange?productId=3139&validateAttributeConditions=False,/,200
www.evservice.eu/StockInfoPublic/StockMessageForAttribute?productId=7167,/,200
www.evservice.eu/StockInfoPublic/StockMessageForAttribute?productId=5013,/,200
www.evservice.eu/StockInfoPublic/StockMessageForAttribute?productId=989,/,200
www.evservice.eu/laadkabel-peugeot-ion-5-meter-16a-spiraal,/categories/laadkabels,200
www.evservice.eu/laadkabel-byd-build-your-dream-e6-spiraal,/categories/laadkabels,Bezig met laden...
www.evservice.eu/ShoppingCart/productdetails_attributechange?productId=7121&validateAttributeConditions=False,/,Bezig met laden...
www.evservice.eu/mobiele-lader-mitsubishi-outlander-phev-6-meter-16a,/categories/mobiele-autolader,200
www.evservice.eu/laadkabel-peugeot-ion-4-meter-16a-recht,/categories/laadkabels,Bezig met laden...
www.evservice.eu/mobiele-lader-mercedes-gle-500e-plug-in-6-meter-16a,/categories/mobiele-autolader,200
www.evservice.eu/StockInfoPublic/StockMessageForAttribute?productId=7182,/,200
evservice.eu/laadkabel-hyundai-kona-8-meter-32a-recht,/categories/laadkabels,200
evservice.eu/laadkabel-sono-sion-5-meter-16a-3-fase-spiraal,/categories/laadkabels,200
www.evservice.eu/mitsubishi-,/auto/mitsubishi,200
www.evservice.eu/laadkabel-citroën-berlingo-electric-8-meter-16a-recht,/categories/laadkabels,Bezig met laden...
www.evservice.eu/laadkabel-nissan-ariya-recht,/categories/laadkabels,200
www.evservice.eu/laadkabel-opel-e-corsa-recht,/categories/laadkabels,Bezig met laden...
www.evservice.eu/laadkabel-opel-zafira-e-recht,/categories/laadkabels,200
www.evservice.eu/mobiele-lader-smart-fortwo-electric-drive-6-meter-16a,/categories/mobiele-autolader,200
www.evservice.eu/laadkabel-mercedes-b-250e-recht-premium,/categories/laadkabels,200
www.evservice.eu/laadkabel-jaguar-i-pace-spiraal,/categories/laadkabels,200
www.evservice.eu/mobiele-lader-nissan-leaf-6-meter-16a,/categories/mobiele-autolader,200
www.evservice.eu/ev-van-de-maand-dacia-,/blog/ev-van-de-maand-dacia,404
www.evservice.eu/laadpaal-kopen-of-leasen-,/,200
www.evservice.eu/laadkabel-mercedes-b-250e-spiraal,/categories/laadkabels,200
evservice.eu/laadkabel-hyundai-i10-8-meter-16a-recht,/categories/laadkabels,200
www.evservice.eu/ShoppingCart/productdetails_attributechange?productId=3308&validateAttributeConditions=False,/,200
www.evservice.eu/wallbox-copper-socket-,,Bezig met laden...
www.evservice.eu/het-nationaal-,/,200
www.evservice.eu/laadkabel-smart-fortwo-electric-drive-4-meter-32a-recht,/categories/laadkabels,200
www.evservice.eu/laadkabel-polestar-2-spiraal,/categories/laadkabels,200
www.evservice.eu/StockInfoPublic/StockMessageForAttribute?productId=2694,/,Bezig met laden...
www.evservice.eu/laadkabel-polestar-2-spiraal-premium,/categories/laadkabels,200
www.evservice.eu/StockInfoPublic/StockMessageForAttribute?productId=7165,/,200
www.evservice.eu/premium-laadkabel-mercedes-s-500e-plug-in-4-meter-16a-recht,/categories/laadkabels,200
evservice.eu/laadkabel-seat-el-born-4-meter-16a-3-fase-recht,/categories/laadkabels,200
www.evservice.eu/laadkabel-jaguar-i-pace-recht-premium,/categories/laadkabels,200
www.evservice.eu/mobiele-lader-kia-e-niro-6-meter-16a,/categories/mobiele-autolader,200
www.evservice.eu/ShoppingCart/productdetails_attributechange?productId=5012&validateAttributeConditions=False,/,200
www.evservice.eu/laadkabel-volvo-c30-drive-electric-recht,/categories/laadkabels,200
www.evservice.eu/support/betekenis-led-kleuren-van-de-wallbox-pulsar-plus/max/pro,,Bezig met laden...
www.evservice.eu/laadkabel-audi-a1-e-tron-recht,/categories/laadkabels,200
www.evservice.eu/premium-laadkabel-volvo-v90-4-meter-16a-recht,/categories/laadkabels,Bezig met laden...
www.evservice.eu/laadkabel-seat-el-born-recht-premium,/categories/laadkabels,200
evservice.eu/premium-laadkabel-volkswagen-golf-gte-4-meter-16a-recht,/categories/laadkabels,200
www.evservice.eu/ShoppingCart/productdetails_attributechange?productId=7180&validateAttributeConditions=False,/,200
www.evservice.eu/laadkabel-jaguar-i-pace-5-meter-32a-spiraal,/categories/laadkabels,Bezig met laden...
www.evservice.eu/laadkabel-peugeot-e-2008-suv-4-meter-16a-3-fase-recht,/categories/laadkabels,200
www.evservice.eu/laadkabel-renault-kangoo-ze-phase-ii-recht-premium,/categories/laadkabels,200
www.evservice.eu/laadkabel-peugeot-e-2008-suv-8-meter-16a-3-fase-recht,/categories/laadkabels,200
www.evservice.eu/laadkabel-jaguar-i-pace-4-meter-32a-recht,/categories/laadkabels,200
evservice.eu/laadkabel-renault-kangoo-ze-phase-ii-4-meter-32a-recht,/categories/laadkabels,200
www.evservice.eu/laadkabel-volvo-v90-5-meter-16a-spiraal,/categories/laadkabels,Bezig met laden...
www.evservice.eu/laadkabel-jaguar-i-pace-spiraal-premium,/categories/laadkabels,200
www.evservice.eu/mobiele-lader-volvo-v90-6-meter-16a,/categories/mobiele-autolader,200
evservice.eu/laadkabel-audi-e-tron-quattro-4-meter-16a-3-fase-recht,/categories/laadkabels,200
evservice.eu/mobiele-lader-renault-kangoo-ze-phase-ii-6-meter-16a,/categories/mobiele-autolader,200
www.evservice.eu/premium-laadkabel-peugeot-e-2008-suv-4-meter-16a-3-fase-recht,/categories/laadkabels,200
www.evservice.eu/mobiele-lader-nissan-e-nv200-evalia-6-meter-16a,/categories/mobiele-autolader,200
www.evservice.eu/premium-laadkabel-tesla-model-3-4-meter-16a-3-fase-recht,/categories/laadkabels,200
www.evservice.eu/ShoppingCart/productdetails_attributechange?productId=7169&validateAttributeConditions=False,/,Bezig met laden...
www.evservice.eu/ShoppingCart/productdetails_attributechange?productId=7176&validateAttributeConditions=False,/,200
www.evservice.eu/laadkabel-fiat-500e-8-meter-32a-recht,/categories/laadkabels,Bezig met laden...
www.evservice.eu/laadkabel-bmw-x5-xdrive40e-4-meter-16a-recht,/categories/laadkabels,200
www.evservice.eu/laadkabel-cadillac-elr-6-meter-32a-recht,/categories/laadkabels,200
www.evservice.eu/mobiele-lader-volvo-c30-drive-electric-6-meter-16a,/categories/mobiele-autolader,200
www.evservice.eu/laadkabel-smart-forfour-spiraal,/categories/laadkabels,200
www.evservice.eu/StockInfoPublic/StockMessageForAttribute?productId=3317,/,200
www.evservice.eu/ShoppingCart/productdetails_attributechange?productId=7168&validateAttributeConditions=False,/,200
www.evservice.eu/laadkabel-bmw-i3-4-meter-16a-3-fase-recht,/categories/laadkabels,200
www.evservice.eu/laadkabel-mercedes-a-klasse-e-cell-8-meter-16a-3-fase-recht,/categories/laadkabels,200
www.evservice.eu/laadkabel-ford-focus-electric-5-meter-32a-spiraal,/categories/laadkabels,Bezig met laden...
www.evservice.eu/laadkabel-lightyear-one-4-meter-32a-3-fase-recht-3,/categories/laadkabels,200
www.evservice.eu/premium-laadkabel-porsche-panamera-4-e-hybrid-4-meter-16a-recht,/categories/laadkabels,200
www.evservice.eu/laadkabel-mitsubishi-i-miev-8-meter-16a-recht,/categories/laadkabels,200
www.evservice.eu/laadkabel-smart-forfour-spiraal-premium,/categories/laadkabels,200
www.evservice.eu/laadkabel-smart-forfour-recht-premium,/categories/laadkabels,Bezig met laden...
www.evservice.eu/laadkabel-audi-q7-4-meter-16a-3-fase-recht,/categories/laadkabels,200
www.evservice.eu/premium-laadkabel-mercedes-c-350e-plug-in-4-meter-16a-recht,/categories/laadkabels,Bezig met laden...
www.evservice.eu/laadkabel-mercedes-gle-550e-4-meter-16a-recht,/categories/laadkabels,200
www.evservice.eu/laadkabel-fiat-500e-recht-4,/categories/laadkabels,Bezig met laden...
www.evservice.eu/thuislader-fiat-500e-4,/categories/mobiele-autolader,200
www.evservice.eu/laadkabel-seat-emii-spiraal-premium,/categories/laadkabels,200
www.evservice.eu/laadkabel-mercedes-eqv-spiraal-premium,/categories/laadkabels,200
www.evservice.eu/laadkabel-mercedes-eqc-spiraal-premium,/categories/laadkabels,Bezig met laden...
www.evservice.eu/thuislader-renault-fluence,/categories/mobiele-autolader,200
www.evservice.eu/mobiele-lader-fiat-500e-6-meter-16a,/categories/mobiele-autolader,200
www.evservice.eu/thuislader-opel-ampera-hybride,/categories/mobiele-autolader,200
www.evservice.eu/laadkabel-polestar-2-recht,/categories/laadkabels,200
www.evservice.eu/laadkabel-volkswagen-passat-gte-5-meter-16a-spiraal,/categories/laadkabels,200
www.evservice.eu/ShoppingCart/productdetails_attributechange?productId=3198&validateAttributeConditions=False,/,200
www.evservice.eu/laadkabel-ford-c-max-energi-4-meter-16a-recht,/categories/laadkabels,Bezig met laden...
www.evservice.eu/laadkabel-volkswagen-e-up-spiraal-premium,/categories/laadkabels,Bezig met laden...
www.evservice.eu/laadkabel-volkswagen-e-up-spiraal,/categories/laadkabels,Bezig met laden...
www.evservice.eu/laadkabel-mg-zs-ev-recht,/categories/laadkabels,200
www.evservice.eu/laadkabel-mercedes-eqv-recht,/categories/laadkabels,200
www.evservice.eu/laadkabel-type-1-5-meter-16a-spiraal,/categories/laadkabels,200
www.evservice.eu/laadkabel-mg-zs-ev-recht-premium,/categories/laadkabels,200
evservice.eu/premium-laadkabel-sono-sion-4-meter-16a-3-fase-recht,/categories/laadkabels,200
www.evservice.eu/laadkabel-opel-ampera-hybride-4-meter-16a-recht,/categories/laadkabels,200
www.evservice.eu/laadkabel-mercedes-eqv-recht-premium,/categories/laadkabels,200
www.evservice.eu/laadkabel-volvo-c30-drive-electric-spiraal,/categories/laadkabels,200
www.evservice.eu/laadkabel-range-rover-recht-premium,/categories/laadkabels,200
www.evservice.eu/laadkabel-renault-fluence-spiraal,/categories/laadkabels,Bezig met laden...
www.evservice.eu/laadkabel-mercedes-eqv-spiraal,/categories/laadkabels,200
www.evservice.eu/laadkabel-polestar-2-recht-premium,/categories/laadkabels,200
www.evservice.eu/laadkabel-type-2-mennekes-spiraal-premium,/categories/laadkabels,200
www.evservice.eu/StockInfoPublic/StockMessageForAttribute?productId=7188,/,200
www.evservice.eu/laadkabel-mercedes-eqc-4-meter-32a-recht,/categories/laadkabels,200
www.evservice.eu/laadkabel-fisker-karma-8-meter-16a-recht,/categories/laadkabels,200
www.evservice.eu/InstallationManual_ChargeAmpsHalo_en.pdf,/,200
www.evservice.eu/mobiele-lader-mercedes-eqc-6-meter-16a,/categories/mobiele-autolader,Bezig met laden...
evservice.eu/laadkabel-mercedes-b-250e-5-meter-16a-3-fase-spiraal,/categories/laadkabels,200
www.evservice.eu/support/wallbox-,,200
www.evservice.eu/laadkabel-mini-cooper-s-e-5-meter-16a-3-fase-spiraal,/categories/laadkabels,200
www.evservice.eu/laadkabel-ds-3-crossback-8-meter-16a-3-fase-recht,/categories/laadkabels,200
www.evservice.eu/laadkabel-bmw-530e-4-meter-16a-recht,/categories/laadkabels,200
evservice.eu/mobiele-lader-type-2-6-meter-16a,/categories/mobiele-autolader,200
www.evservice.eu/laadkabel-volvo-c30-drive-electric-5-meter-32a-3-fase-spiraal,/categories/laadkabels,Bezig met laden...
www.evservice.eu/laadkabel-lucid-air-recht,/categories/laadkabels,200
www.evservice.eu/laadkabel-lucid-air-recht-premium,/categories/laadkabels,200
www.evservice.eu/laadkabel-hyundai-kona-8-meter-16a-3-fase-recht,/categories/laadkabels,200
www.evservice.eu/laadkabel-nissan-e-nv200-evalia-4-meter-32a-recht,/categories/laadkabels,200
www.evservice.eu/ShoppingCart/productdetails_attributechange?productId=7115&validateAttributeConditions=False,/,200
www.evservice.eu/ratio-solar-box/KiyohReview/Reviews,/,200
www.evservice.eu/StockInfoPublic/StockMessageForAttribute?productId=7174,/,200
www.evservice.eu/mobiele-lader-ford-c-max-energi-6-meter-16a,/categories/mobiele-autolader,Bezig met laden...
www.evservice.eu/laadkabel-seat-emii-recht-premium,/categories/laadkabels,200
evservice.eu/premium-laadkabel-renault-zoe-4-meter-32a-3-fase-recht,/categories/laadkabels,Bezig met laden...
www.evservice.eu/laadkabel-opel-e-corsa-5-meter-16a-3-fase-spiraal,/categories/laadkabels,200
www.evservice.eu/ratio-solar-box-zwart/KiyohReview/Reviews,/,200
www.evservice.eu/laadkabel-nissan-leaf-4-meter-32a-recht,/categories/laadkabels,200
www.evservice.eu/zappi-v2-kabel/KiyohReview/Reviews,/,200
www.evservice.eu/laadkabel-audi-e-tron-quattro-8-meter-16a-3-fase-recht,/categories/laadkabels,200
www.evservice.eu/renault-twizy-adapter-type-2-shuko-16a,,200
evservice.eu/laadkabel-mercedes-glc-350e-5-meter-16a-spiraal,/categories/laadkabels,200
www.evservice.eu/laadkabel-polestar-2-5-meter-16a-3-fase-spiraal,/categories/laadkabels,200
www.evservice.eu/laadkabel-volvo-c30-drive-electric-spiraal-premium,/categories/laadkabels,200
www.evservice.eu/laadkabel-porsche-panamera-4-e-hybrid-recht-premium,/categories/laadkabels,200
www.evservice.eu/premium-laadkabel-range-rover-4-meter-16a-recht,/categories/laadkabels,200
www.evservice.eu/laadkabel-mg-zs-ev-spiraal-premium,/categories/laadkabels,Bezig met laden...
www.evservice.eu/laadkabel-byd-build-your-dream-e6-recht-premium,/categories/laadkabels,200
www.evservice.eu/ShoppingCart/productdetails_attributechange?productId=2159&validateAttributeConditions=False,/,200
www.evservice.eu/laadkabel-mercedes-gle-500e-plug-in-5-meter-16a-spiraal,/categories/laadkabels,Bezig met laden...
www.evservice.eu/laadkabel-tesla-roadster-4-meter-32a-recht,/categories/laadkabels,200
www.evservice.eu/premium-laadkabel-audi-a3-e-tron-6-meter-16a-recht,/categories/laadkabels,Bezig met laden...
www.evservice.eu/laadkabel-mercedes-c-350e-plug-in-estate-spiraal-premium,/categories/laadkabels,Bezig met laden...
www.evservice.eu/ShoppingCart/productdetails_attributechange?productId=7159&validateAttributeConditions=False,/,Bezig met laden...
www.evservice.eu/StockInfoPublic/StockMessageForAttribute?productId=3305,/,200
www.evservice.eu/laadkabel-renault-fluence-recht,/categories/laadkabels,200
www.evservice.eu/ShoppingCart/productdetails_attributechange?productId=7188&validateAttributeConditions=False,/,200
www.evservice.eu/laadkabel-audi-a3-e-tron-4-meter-16a-recht,/categories/laadkabels,Bezig met laden...
www.evservice.eu/outlet-laadpalen,/,200
www.evservice.eu/laadkabel-mercedes-c-350e-plug-in-estate-recht-premium,/categories/laadkabels,200
www.evservice.eu/attributes=,/,200
www.evservice.eu/laadkabel-mercedes-c-350e-plug-in-4-meter-16a-recht,/categories/laadkabels,200
www.evservice.eu/laadkabel-mercedes-glc-350e-recht,/categories/laadkabels,200
www.evservice.eu/laadkabel-byd-build-your-dream-e6-spiraal-premium,/categories/laadkabels,200
www.evservice.eu/mobiele-lader-porsche-cayenne-s-e-hybrid-6-meter-16a,/categories/laadkabels,200
www.evservice.eu/laadkabel-peugeot-e-2008-suv-recht-premium,/categories/laadkabels,200
www.evservice.eu/laadkabel-peugeot-e-2008-suv-spiraal,/categories/laadkabels,Bezig met laden...
www.evservice.eu/laadkabel-nissan-e-nv200-evalia-spiraal,/categories/laadkabels,200
evservice.eu/laadkabel-porsche-cayenne-s-e-hybrid-5-meter-16a-spiraal,/categories/laadkabels,200
www.evservice.eu/laadkabel-bmw-330e-spiraal-premium,/categories/laadkabels,Bezig met laden...
www.evservice.eu/laadkabel-peugeot-e-208-gt-recht,/categories/laadkabels,Bezig met laden...
www.evservice.eu/laadkabel-bmw-330e-spiraal,/categories/laadkabels,200
evservice.eu/mobiele-lader-porsche-cayenne-s-e-hybrid-6-meter-16a,/categories/laadkabels,Bezig met laden...
www.evservice.eu/laadkabel-kia-niro-hybride-spiraal-premium,/categories/laadkabels,200
evservice.eu/laadkabel-sono-sion-8-meter-16a-3-fase-recht,/categories/laadkabels,Bezig met laden...
evservice.eu/laadkabel-volvo-xc40-5-meter-16a-spiraal,/categories/laadkabels,200
www.evservice.eu/laadkabel-mercedes-c-350e-plug-in-estate-recht,/categories/laadkabels,200
evservice.eu/laadkabel-seat-emii-5-meter-16a-3-fase-spiraal,/categories/laadkabels,200
www.evservice.eu/premium-laadkabel-audi-q4-e-tron-4-meter-16a-3-fase-recht,/categories/laadkabels,200
www.evservice.eu/laadkabel-tesla-suv-model-x-5-meter-32a-3-fase-spiraal,/categories/laadkabels,200
evservice.eu/laadkabel-renault-kangoo-ze-phase-ii-5-meter-32a-spiraal,/categories/laadkabels,200
evservice.eu/laadkabel-volkswagen-golf-gte-4-meter-16a-recht,/categories/laadkabels,200
evservice.eu/mobiele-lader-volkswagen-golf-gte-6-meter-16a,/categories/laadkabels,200
www.evservice.eu/laadkabel-fisker-karma-5-meter-16a-spiraal,/categories/laadkabels,200
www.evservice.eu/premium-laadkabel-volvo-c30-drive-electric-4-meter-32a-3-fase-recht,/categories/laadkabels,200
evservice.eu/laadkabel-seat-el-born-5-meter-16a-3-fase-spiraal,/categories/laadkabels,200
www.evservice.eu/laadkabel-chevrolet-volt-recht,/categories/laadkabels,200
www.evservice.eu/laadkabel-cadillac-elr-recht,/categories/laadkabels,200
www.evservice.eu/StockInfoPublic/StockMessageForAttribute?productId=2701,/,Bezig met laden...
www.evservice.eu/laadkabel-hyundai-i10-4-meter-16a-recht,/categories/laadkabels,200
www.evservice.eu/laadkabel-chevrolet-volt-spiraal,/categories/laadkabels,200
www.evservice.eu/ShoppingCart/productdetails_attributechange?productId=7161&validateAttributeConditions=False,/,200
www.evservice.eu/laadkabel-honda-jazz-ev-recht,/categories/laadkabels,Bezig met laden...
www.evservice.eu/premium-laadkabel-mercedes-a-klasse-e-cell-4-meter-16a-3-fase-recht,/categories/laadkabels,Bezig met laden...
www.evservice.eu/laadkabel-seat-el-born-recht,/categories/laadkabels,Bezig met laden...
www.evservice.eu/laadkabel-audi-e-tron-quattro-recht-premium,/categories/laadkabels,200
www.evservice.eu/laadkabel-nissan-leaf-spiraal-premium,/categories/laadkabels,Bezig met laden...
www.evservice.eu/laadkabel-mercedes-b-250e-4-meter-16a-3-fase-recht,/categories/laadkabels,200
www.evservice.eu/StockInfoPublic/StockMessageForAttribute?productId=3141,/,200
www.evservice.eu/laadkabel-bmw-740e-5-meter-16a-spiraal,/categories/laadkabels,Bezig met laden...
www.evservice.eu/laadkabel-byd-build-your-dream-e6-4-meter-16a-3-fase-recht,/categories/laadkabels,200
www.evservice.eu/laadkabel-mercedes-eqc-spiraal,/categories/laadkabels,200
www.evservice.eu/mobiele-lader-type-2-6-meter-16a-2,/categories/mobiele-autolader,200
www.evservice.eu/laadkabel-range-rover-spiraal-premium,/categories/laadkabels,Bezig met laden...
www.evservice.eu/laadkabel-mercedes-eqc-recht,/categories/laadkabels,Bezig met laden...
www.evservice.eu/thuislader-cadillac-elr,/categories/mobiele-autolader,200
www.evservice.eu/StockInfoPublic/StockMessageForAttribute?productId=2159,/,200
www.evservice.eu/laadkabel-bmw-x5-xdrive45e-recht-premium-2,/categories/laadkabels,200
www.evservice.eu/laadkabel-peugeot-e-2008-suv-5-meter-16a-3-fase-spiraal,/categories/laadkabels,200
www.evservice.eu/laadkabel-seat-el-born-spiraal-premium,/categories/laadkabels,200
www.evservice.eu/laadkabel-byd-build-your-dream-e6-recht,/categories/laadkabels,200
www.evservice.eu/laadkabel-porsche-panamera-4-e-hybrid-recht,/categories/laadkabels,200
www.evservice.eu/verloopje-cee-32a-naar-16a,,200
www.evservice.eu/laadkabel-volkswagen-golf-gte-spiraal-premium,/categories/laadkabels,200
www.evservice.eu/laadkabel-porsche-cayenne-s-e-hybrid-recht,/categories/laadkabels,200
www.evservice.eu/laadkabel-bmw-i3-5-meter-16a-3-fase-spiraal,/categories/laadkabels,200
www.evservice.eu/laadkabel-hyundai-kona-recht-premium,/categories/laadkabels,200
www.evservice.eu/laadkabel-volkswagen-golf-gte-recht,/categories/laadkabels,200
www.evservice.eu/waar-moet-,/,200
www.evservice.eu/StockInfoPublic/StockMessageForAttribute?productId=5012,/,200
www.evservice.eu/laadkabel-audi-q7-spiraal-premium,/categories/laadkabels,200
www.evservice.eu/ShoppingCart/productdetails_attributechange?productId=3143&validateAttributeConditions=False,/,200
www.evservice.eu/laadkabel-hyundai-kona-4-meter-32a-3-fase-recht,/categories/laadkabels,200
www.evservice.eu/laadkabel-bmw-ix3-recht-premium-2,/categories/laadkabels,200
www.evservice.eu/laadkabel-bmw-ix3-spiraal-2,/categories/laadkabels,200
www.evservice.eu/laadkabel-kia-e-soul-recht,/categories/laadkabels,Bezig met laden...
www.evservice.eu/laadkabel-lexus-ux-300e-recht,/categories/laadkabels,200
www.evservice.eu/laadkabel-kia-e-niro-recht,/categories/laadkabels,200
www.evservice.eu/laadkabel-peugeot-e-208-gt-8-meter-16a-3-fase-recht,/categories/laadkabels,200
www.evservice.eu/laadkabel-volkswagen-e-up-4-meter-16a-recht,/categories/laadkabels,200
www.evservice.eu/laadkabel-lightyear-one-recht,/categories/laadkabels,Bezig met laden...
www.evservice.eu/ShoppingCart/productdetails_attributechange?productId=2697&validateAttributeConditions=False,/,200
www.evservice.eu/laadkabel-hyundai-kona-recht-2,/categories/laadkabels,200
www.evservice.eu/mobiele-lader-opel-ampera-hybride-6-meter-16a,/categories/mobiele-autolader,200
www.evservice.eu/laadkabel-peugeot-e-2008-suv-recht,/categories/laadkabels,200
evservice.eu/premium-laadkabel-type-2-4-meter-16a-3-fase-recht,/categories/laadkabels,200
www.evservice.eu/ShoppingCart/productdetails_attributechange?productId=989&validateAttributeConditions=False,/,200
evservice.eu/laadkabel-mitsubishi-outlander-phev-4-meter-16a-recht,/categories/laadkabels,Bezig met laden...
www.evservice.eu/laadkabel-volkswagen-golf-gte-spiraal,/categories/laadkabels,Bezig met laden...
www.evservice.eu/ev-kabelgoot-,/,200
evservice.eu/laadkabel-renault-zoe-5-meter-32a-3-fase-spiraal,/categories/laadkabels,200
www.evservice.eu/laadkabel-porsche-taycan-recht,/categories/laadkabels,200
www.evservice.eu/laadkabel-volkswagen-golf-gte-recht-premium,/categories/laadkabels,200
www.evservice.eu/laadkabel-bmw-330e-recht-premium,/categories/laadkabels,200
www.evservice.eu/StockInfoPublic/StockMessageForAttribute?productId=5880,/,200
evservice.eu/premium-laadkabel-porsche-cayenne-s-e-hybrid-4-meter-16a-recht,/categories/laadkabels,200
www.evservice.eu/ShoppingCart/productdetails_attributechange?productId=5880&validateAttributeConditions=False,/,200
www.evservice.eu/laadkabel-chevrolet-spark-ev-5-meter-32a-spiraal,/categories/laadkabels,200
www.evservice.eu/laadkabel-chevrolet-spark-ev-8-meter-32a-recht,/categories/laadkabels,200
evservice.eu/mobiele-lader-volvo-xc-90-t8-twin-engine-6-meter-16a,/categories/mobiele-autolader,200
www.evservice.eu/StockInfoPublic/StockMessageForAttribute?productId=3198,/,200
www.evservice.eu/laadkabel-volkswagen-e-up-recht,/categories/laadkabels,200
www.evservice.eu/mobiele-lader-range-rover-6-meter-16a,/categories/mobiele-autolader,200
www.evservice.eu/premium-laadkabel-polestar-2-4-meter-16a-3-fase-recht,/categories/laadkabels,200
evservice.eu/socket,/,200
www.evservice.eu/laadkabel-bmw-i3-8-meter-16a-3-fase-recht,/categories/laadkabels,Bezig met laden...
www.evservice.eu/ShoppingCart/productdetails_attributechange?productId=3141&validateAttributeConditions=False,/,200
www.evservice.eu/laadkabel-renault-kangoo-ze-phase-i-5-meter-16a-spiraal,/categories/laadkabels,200
www.evservice.eu/mobiele-lader-type-2-6-meter-32a-3-fase?gclid=CjwKCAjwrZOXBhACEiwA0EoRD6xtE-fFbIawg3PnTui8GzIkiaPygkBsH4sitqOubUeFNcBF27lS1xoCye8QAvD_BwE,/categories/mobiele-autolader,200
www.evservice.eu/laadkabel-lucid-air-4-meter-16a-3-fase-recht,/categories/laadkabels,200
www.evservice.eu/zappi-,/products/zappi-v21,200
www.evservice.eu/laadkabel-volkswagen-id-neo-5-meter-16a-3-fase-spiraal,/categories/laadkabels,200
www.evservice.eu/mobiele-lader-volkswagen-id-neo-6-meter-16a-3-fase,/categories/mobiele-autolader,Bezig met laden...
evservice.eu/attributes=,/,200
www.evservice.eu/premium-laadkabel-lucid-air-4-meter-16a-3-fase-recht,/categories/laadkabels,200
www.evservice.eu/laadkabel-kia-niro-hybride-recht-premium,/categories/laadkabels,200
www.evservice.eu/StockInfoPublic/StockMessageForAttribute?productId=2157,/,200
www.evservice.eu/laadkabel-mg-zs-ev-spiraal,/categories/laadkabels,Bezig met laden...
www.evservice.eu/laadkabel-lucid-air-5-meter-16a-3-fase-spiraal,/categories/laadkabels,200
www.evservice.eu/laadkabel-audi-q7-spiraal,/categories/laadkabels,200
www.evservice.eu/thuislader-audi-q7,/categories/mobiele-autolader,200
www.evservice.eu/laadkabel-audi-q7-recht-premium,/categories/laadkabels,200
www.evservice.eu/laadkabel-aiways-u5-recht,/categories/laadkabels,200
www.evservice.eu/laadkabel-range-rover-4-meter-16a-recht,/categories/laadkabels,Bezig met laden...
www.evservice.eu/premium-laadkabel-mercedes-gle-500e-plug-in-4-meter-16a-recht,/categories/laadkabels,200
www.evservice.eu/wallbox-pulsar-plus/KiyohReview/Reviews,/,200
www.evservice.eu/laadkabel-peugeot-partner-ev-recht,/categories/laadkabels,Bezig met laden...
www.evservice.eu/mobiele-lader-hyundai-kona-6-meter-16a-3-fase,/categories/mobiele-autolader,200
www.evservice.eu/laadkabel-honda-jazz-ev-8-meter-32a-recht,/categories/laadkabels,200
www.evservice.eu/premium-laadkabel-skoda-e-citigo-4-meter-16a-3-fase-recht,/categories/laadkabels,200
www.evservice.eu/laadkabel-renault-kangoo-ze-phase-ii-spiraal,/categories/laadkabels,200
www.evservice.eu/laadkabel-renault-kangoo-ze-phase-ii-spiraal-premium,/categories/laadkabels,200
www.evservice.eu/laadkabel-renault-kangoo-ze-phase-ii-recht,/categories/laadkabels,Bezig met laden...
www.evservice.eu/laadkabel-peugeot-ion-spiraal,/categories/laadkabels,Bezig met laden...
www.evservice.eu/laadkabel-peugeot-ion-recht,/categories/laadkabels,Bezig met laden...
www.evservice.eu/mobiele-lader-bmw-530e-6-meter-16a,/categories/mobiele-autolader,200
www.evservice.eu/laadkabel-peugeot-e-208-gt-4-meter-16a-3-fase-recht,/categories/laadkabels,200
www.evservice.eu/laadkabel-skoda-e-citigo-4-meter-16a-3-fase-recht,/categories/laadkabels,200
www.evservice.eu/jaguar-i-pace-ev400,/auto/jaguar/jaguar-i-pace-ev400,200
/,/,200
evservice.eu/catalog/searchtermautocomplete,/,200
www.evservice.eu/WidgetQuickFilter/LoadFilters,/,200
form.evservice.eu/_nuxt/,/,200
www.evservice.eu/Cars/RemoveSelection,/,200
www.evservice.eu/laadstation-vaste-laadkabel?man=Wallbox&specSoort-kabel=Recht&pageSize=18&orderBy=0&pageNumber=1,,200
portal.evservice.eu/faqs/Public,/,Bezig met laden...
evservice.eu/mobiele-lader-type-2-10-meter-16a-2,/categories/mobiele-autolader,200
www.evservice.eu/laadkabels?pagesize=10&pagenumber=3,/categories/laadkabels,200
www.evservice.eu/charqe?orderby=6&pagesize=24,/,200
www.evservice.eu/een-verlaagde-energiebelasting-wat-betekent-dit-concreet,/blog/een-verlaagde-energiebelasting-wat-betekent-dit-concreet,200
www.evservice.eu/laadstation-vaste-laadkabel?man=wallbox&pagesize=12&orderby=0&pagenumber=2,/collections//laadpaal-met-vaste-kabel,200
www.evservice.eu/charqe?orderby=15&pagesize=24,/,Bezig met laden...
www.evservice.eu/charqe?orderby=10&pagesize=24,/,200
www.evservice.eu/charqe?orderby=15&pagesize=9,/,200
www.evservice.eu/charqe?orderby=10&pagesize=12,/,200
www.evservice.eu/charqe?orderby=11&pagesize=12,/,200
www.evservice.eu/charqe?orderby=6&pagesize=12,/,200
www.evservice.eu/charqe?orderby=15&pagesize=12,/,200
www.evservice.eu/charqe?orderby=11&pagesize=24,/,200
www.evservice.eu/charqe?orderby=5&pagesize=12,/,200
www.evservice.eu/charqe?orderby=5&pagesize=24,/,Bezig met laden...
www.evservice.eu/evservice-2?pagesize=9&pagenumber=2&orderby=15,/,200
www.evservice.eu/evservice-2?pagesize=9&pagenumber=2&orderby=11,/,200
www.evservice.eu/evservice-2?pagesize=9&pagenumber=2&orderby=6,/,200
www.evservice.eu/evservice-2?pagesize=9&pagenumber=2&orderby=5,/,Bezig met laden...
www.evservice.eu/evservice-2?pagesize=9&pagenumber=2&orderby=0,/,200
www.evservice.eu/evservice-2?pagesize=9&pagenumber=2&orderby=10,/,200
www.evservice.eu/evservice-2?pagesize=9&pagenumber=2,/,200
portal.evservice.eu/faqs/Account,/,200
evservice.eu/blog/rss/2,/blog,200
www.evservice.eu/blog/rss/2,/blog,200
www.evservice.eu/wallboxen?orderby=0&pagesize=3&pagenumber=2,,200
www.evservice.eu/laadkabels?pagenumber=70,/categories/laadkabels,200
www.evservice.eu/laadkabels?pagenumber=66,/categories/laadkabels,200
www.evservice.eu/laadkabels?pagenumber=67,/categories/laadkabels,200
www.evservice.eu/laadkabels?pagenumber=68,/categories/laadkabels,200
www.evservice.eu/laadkabels?pagenumber=69,/categories/laadkabels,200
www.evservice.eu/laadkabels?pagenumber=71,/categories/laadkabels,200
www.evservice.eu/blog/month/2019-4,/blog,200
www.evservice.eu/mobiele-lader-type-2?car=bmw-ix3,/products/mobiele-lader-type-2-6-meter-16a-3-fase,Bezig met laden...
www.evservice.eu/sitemap-products.xml,/sitemap.xml,404
www.evservice.eu/klantenservice/betalen,/klantenservice/betalen,200
www.evservice.eu/RichBlogSearch/Search,/,200
www.evservice.eu/model_formulier_herroeping.pdf,/,200
www.evservice.eu/laadpaal-installatie-vereisten,/,Bezig met laden...
www.evservice.eu/blog/month/2018-10,/blog,200
www.evservice.eu/ford-explorer-extended-range-awd,/auto/ford/ford-explorer-extended-range-awd,200
portal.evservice.eu/faqs/Chargecard,/,200
www.evservice.eu/sitemap-blogposts.xml,/sitemap.xml,404
www.evservice.eu/sitemap-static.xml,/sitemap.xml,404
portal.evservice.eu/public/roaming/tariffs/partners,/,200
www.evservice.eu/blog/month/2020-8,/blog,200
evservice.eu/RichBlogSearch/Search,/,200
www.evservice.eu/blog/month/2020-9,/blog,200
www.evservice.eu/blog/month/2020-5,/blog,200
www.evservice.eu/blog/month/2017-11,/blog,200
www.evservice.eu/zaptec?pagesize=3&orderby=5,/collections/zaptec,200
www.evservice.eu/zaptec?orderby=15,/collections/zaptec,200
www.evservice.eu/zaptec?orderby=6,/collections/zaptec,200
www.evservice.eu/zaptec?orderby=0,/collections/zaptec,200
www.evservice.eu/zaptec?orderby=5,/collections/zaptec,200
www.evservice.eu/evhub-2?orderby=0&pagesize=3,/,200
evservice.eu/hoe-realiseer-ik-een-toekomstbestendige-laadoplossing,/blog/hoe-realiseer-ik-een-toekomstbestendige-laadoplossing,200
evservice.eu/byton,/auto/byton,200
evservice.eu/blog/month/2018-4,/blog,200
www.evservice.eu/zaptec?orderby=0&pagesize=9,/collections/zaptec,200
www.evservice.eu/zaptec?orderby=6&pagesize=9,/collections/zaptec,Bezig met laden...
www.evservice.eu/zaptec?pagesize=3&orderby=0,/collections/zaptec,200
www.evservice.eu/zaptec?orderby=0&pagesize=6,/collections/zaptec,200
www.evservice.eu/zaptec?orderby=5&pagesize=3,/collections/zaptec,200
www.evservice.eu/zaptec?orderby=5&pagesize=6,/collections/zaptec,200
www.evservice.eu/zaptec?orderby=5&pagesize=9,/collections/zaptec,200
www.evservice.eu/zaptec?orderby=6&pagesize=3,/collections/zaptec,200
www.evservice.eu/zaptec?orderby=6&pagesize=6,/collections/zaptec,200
www.evservice.eu/zaptec?pagesize=6,/collections/zaptec,200
www.evservice.eu/zaptec?orderby=10,/collections/zaptec,200
www.evservice.eu/zaptec?pagesize=9,/collections/zaptec,200
www.evservice.eu/zaptec?orderby=11,/collections/zaptec,200
www.evservice.eu/blog/month/2020-3,/blog,Bezig met laden...
www.evservice.eu/adapter-shuko-type-2-16a,/products/adapter-type-2-shuko-16a-stopcontact,200
www.evservice.eu/easee,/collections/easee,200
www.evservice.eu/alfen,/collections/alfen,200
www.evservice.eu/wallbox-pulsarpulsar-plus-front-cover,,200
www.evservice.eu/sono-sion,/auto/sono-motor/sono-sion,200
www.evservice.eu/wat-kost-elektrisch-rijden-in-2020,/blog/wat-kost-elektrisch-rijden-in-2020,200
www.evservice.eu/ev-reel-2,/,200
www.evservice.eu/lexus,/auto/lexus,200
www.evservice.eu/lightyear-2,/auto/lightyear/lightyear-2,200
www.evservice.eu/easee-equalizer,/collections/easee,200
www.evservice.eu/wallbox-pulsar-plus-11kw,,200
www.evservice.eu/doe-het-zelf-zonnepanelen-sets,/,200
www.evservice.eu/evservice-2,/,Bezig met laden...
www.evservice.eu/charqe,/,200
www.evservice.eu/byton,/auto/byton,200
www.evservice.eu/fiat-500e-hatchback-42-kwh,/auto/fiat/fiat-500e-hatchback-42-kwh,200
www.evservice.eu/blog/month/2018-4,/blog,200
www.evservice.eu/mazda,/auto/mazda,200
www.evservice.eu/klantenservice/terugbetaling,/klantenservice/terugbetaling,200
www.evservice.eu/blog?pagenumber=6,/blog,200
www.evservice.eu/waar-moet-je-op-letten-bij-de-aankoop-van-een-tweedehands-elektrische-auto,/blog/waar-moet-je-op-letten-bij-de-aankoop-van-een-tweedehands-elektrische-auto,200
www.evservice.eu/opel-astra-electric,/auto/opel/opel-astra-electric,200
www.evservice.eu/evbee,/categories/mobiele-autolader,200
www.evservice.eu/alfen-eve-single-proline-speciale-aanbieding,,200
www.evservice.eu/adapter-laadsteker-type-1-auto-steker-type-2-16a,,200
www.evservice.eu/klantenservice/wallbox-support,,200
www.evservice.eu/aanschafsubsidie-elektrische-auto-voor-particulieren-vanaf-1-juli-2020,/blog/aanschafsubsidie-elektrische-auto-particulieren,200
www.evservice.eu/mobiele-lader-type-2-6-meter-32a-3-fase-2,,Bezig met laden...
www.evservice.eu/3-fase-type-2-thuislader,/products/ratio-thuislader-3-fase-10m,200
www.evservice.eu/tesla-model-s-dual-motor,/auto/tesla/tesla-model-s-dual-motor,200
www.evservice.eu/support/aansluiten-load-balancing-zencar-wpro,,Bezig met laden...
www.evservice.eu/webasto-live,,200
www.evservice.eu/zencar-2,/,200
www.evservice.eu/elektrisch-rijden-wat-verandert-er-in-2022-en-wat-niet,/blog/elektrisch-rijden-wat-verandert-er-in-2022-en-wat-niet,200
www.evservice.eu/type-2-socket,,Bezig met laden...
www.evservice.eu/ratio-laadkabel-type-2-speciale-aanbieding,,200
www.evservice.eu/ratio-home-box-spiraal,,Bezig met laden...
www.evservice.eu/het-aanmelden-van-zonnepanelen-bij-de-netwerkbeheerder,/blog/het-aanmelden-van-zonnepanelen-bij-de-netwerkbeheerder,200
www.evservice.eu/luxe-laadkabel-tas-groen,/products/laadkabel-tas-groen,200
www.evservice.eu/adapter-laadstekker-type-2-auto-stekker-type-1-16a,,200
www.evservice.eu/chint,,200
www.evservice.eu/amina-charging,,200
www.evservice.eu/thuislader-renault-megane-2,/categories/mobiele-autolader,200
www.evservice.eu/type-2-stekker-houder-recht,,200
www.evservice.eu/RichBlogSearch/ListResults,/,Bezig met laden...
www.evservice.eu/ratio-laadkabel-type-2-spiraal,/products/ratio-e-line-laadkabel-type-2-spiraal,200
www.evservice.eu/polestar,/auto/polestar,200
www.evservice.eu/hyundai-ioniq-5,/auto/hyundai/hyundai-ioniq-5,Bezig met laden...
www.evservice.eu/wallbox-pulsar-plus-limited-edition,,Bezig met laden...
www.evservice.eu/besparen-met-elektrisch-rijden,/blog/besparen-met-elektrisch-rijden,Bezig met laden...
www.evservice.eu/ratio-smart-box-socket,,200
www.evservice.eu/hoeveel-kun-je-besparen-met-een-eigen-laadpaal-thuis,/blog/hoeveel-kun-je-besparen-met-een-eigen-laadpaal-thuis,200
www.evservice.eu/de-aankoop-van-een-tweedehands-elektrische-auto,/blog/de-aankoop-van-een-tweedehands-elektrische-auto,200
www.evservice.eu/mercedes-b-sports-tourer-electric-drive,/auto/mercedes/mercedes-b-sports-tourer-electric-drive,200
www.evservice.eu/mg-mg4-electric-64-kwh,,200
www.evservice.eu/din-rail-kwh-meter,,200
www.evservice.eu/seat-el-born,/auto/seat/seat-el-born,200
www.evservice.eu/elektrisch-rijden-wat-verandert-er-in-2021,/blog/elektrisch-rijden-wat-verandert-er-in-2021,200
www.evservice.eu/geld-verdienen-met-je-elektrische-auto,/blog/geld-verdienen-met-je-elektrische-auto,200
www.evservice.eu/support-formulier,,200
www.evservice.eu/bmw-740e-2,/auto/bmw/bmw-740e-2,200
www.evservice.eu/byd-seal-825-kwh-rwd-design,/auto/byd/byd-seal-825-kwh-rwd-design,200
www.evservice.eu/wi-fi-adapter,,200
www.evservice.eu/tesla-model-s-plaid,/auto/tesla/tesla-model-s-plaid,200
www.evservice.eu/ford-focus-electric,/auto/ford/ford-focus-electric,200
www.evservice.eu/blog/month/2023-11,/blog,200
www.evservice.eu/het-nationaal-laadonderzoek-2021,/blog/het-nationaal-laadonderzoek-2021,200
www.evservice.eu/KiyohReview/Reviews?pagenumber=5,/,Bezig met laden...
www.evservice.eu/blog/month/2022-2,/blog,200
www.evservice.eu/blog/month/2024-3,/blog,200
www.evservice.eu/ev-solar,/,200
www.evservice.eu/seat-emii,/auto/seat/seat-emii,200
www.evservice.eu/van-terugdraaiende-teller-naar-injectietarief,/blog/van-terugdraaiende-teller-naar-injectietarief,200
www.evservice.eu/blog?pagenumber=4,/blog,200
www.evservice.eu/ratio-thuislader-1-fase,/products/ratio-thuislader-1-fase,200
www.evservice.eu/mitsubishi-i-miev,/auto/mitsubishi/mitsubishi-i-miev,200
www.evservice.eu/peugeot-partner-ev,/auto/peugot/peugeot-partner-ev,200
www.evservice.eu/opel-e-corsa,/auto/opel/opel-e-corsa,200
www.evservice.eu/ratio-powerbox-wandhouder,,200
portal.evservice.eu/public/chargepoint/subscriptions,/,200
www.evservice.eu/top-5-zakelijke-ev-modellen,/blog/top-5-zakelijke-ev-modellen,200
www.evservice.eu/financiële-voordelen-elektrische-rijden,/blog/financiele-voordelen-elektrische-rijden,200
www.evservice.eu/KiyohReview/Reviews?pagenumber=4,/,200
www.evservice.eu/ratio-electric,/collections/ratio-electric,200
www.evservice.eu/KiyohReview/Reviews?pagenumber=2,/,Bezig met laden...
www.evservice.eu/charge-amps-aura,/categories/laadpalen,Bezig met laden...
www.evservice.eu/porsche-macan-turbo-electric,/auto/porsche/porsche-macan-turbo-electric,200
www.evservice.eu/lucid-air-pure-rwd,/auto/lucid/lucid-air-pure-rwd,200
www.evservice.eu/het-prijsplafond-en-elektrisch-rijden,/blog/het-prijsplafond-en-elektrisch-rijden,200
www.evservice.eu/laadkabel-type-1-spiraal-2,/products/laadkabel-type-1-spiraal,200
www.evservice.eu/blog/month/2020-12,/blog,200
www.evservice.eu/algemene-voorwaarden-zakelijke-klanten,,200
www.evservice.eu/de-stand-van-zaken-ten-aanzien-van-elektrisch-rijden-in-nederland-in-2022,/blog/de-stand-van-zaken-ten-aanzien-van-elektrisch-rijden-in-nederland-in-2022,200
www.evservice.eu/myenergi,,200
www.evservice.eu/blog/month/2021-11,/blog,200
www.evservice.eu/jeep,/auto/jeep,200
www.evservice.eu/klantenservice/problemen-bij-bezorging,/klantenservice/problemen-bij-bezorging,Bezig met laden...
www.evservice.eu/tesla-model-x-dual-motor,/auto/tesla/tesla-model-x-dual-motor,200
www.evservice.eu/volvo-ex90-twin-motor-performance,/auto/volvo/volvo-ex90-twin-motor-performance,Bezig met laden...
www.evservice.eu/blog/month/2021-7,/blog,Bezig met laden...
www.evservice.eu/audi-q4-e-tron-55-quattro,/auto/audi/audi-q4-e-tron-55-quattro,200
www.evservice.eu/nissan-ariya-e-4orce-87kwh-225-kw,/auto/nissan/nissan-ariya-e-4orce-87kwh-225-kw,200
www.evservice.eu/chevrolet-spark-ev,/auto/chevrolet/chevrolet-spark-ev,200
www.evservice.eu/op-vakantie-met-je-elektrische-auto-kan-dat-wel,/blog/op-vakantie-met-je-elektrische-auto-kan-dat-wel,200
www.evservice.eu/ds-3-crossback,/auto/ds/ds-3-crossback,Bezig met laden...
www.evservice.eu/volvo-c30-drive-electric,/auto/volvo/volvo-c30-drive-electric,200
www.evservice.eu/klantenservice/problemen-tijdens-het-bestellen,/klantenservice/bestellen/er-is-iets-met-mijn-bestelling,200
www.evservice.eu/citroën-mehari,/auto/citroen/citroen-e-mehari,200
www.evservice.eu/blog?pagenumber=2,/blog,200
www.evservice.eu/abarth-500e-hatchback,/auto/abarth/abarth-500e-hatchback,200
www.evservice.eu/ratio-solar-box-socket,,Bezig met laden...
www.evservice.eu/ratio-home-box-installatie,,200
www.evservice.eu/adapter-laadstekker-type-1-auto-stekker-type-2-32a,/,200
www.evservice.eu/lucid-air-grand-touring,/auto/lucid/lucid-air-grand-touring,200
www.evservice.eu/wat-kost-een-ev-per-gereden-kilometer-eigenlijk,/blog/wat-kost-een-ev-per-gereden-kilometer-eigenlijk,Bezig met laden...
www.evservice.eu/hyundai-kona-2,/auto/hyundai/hyundai-kona-2,200
www.evservice.eu/vacatures,/,200
www.evservice.eu/porsche-taycan,/auto/porsche/porsche-taycan,200
www.evservice.eu/zencar-power-booster,/products/zencar-power-booster,200
www.evservice.eu/skoda-enyaq-coupe-85,/auto/skoda/skoda-enyaq-coupe-85,Bezig met laden...
www.evservice.eu/klantenservice/ratio-support,/klantenservice/technische-ondersteuning/laadpalen/ratio,Bezig met laden...
www.evservice.eu/fiat,/auto/fiat,200
www.evservice.eu/volvo-s90,/auto/volvo/volvo-s90,200
www.evservice.eu/blog?pagenumber=3,/blog,200
www.evservice.eu/KiyohReview/Reviews?pagenumber=3,/,Bezig met laden...
www.evservice.eu/tesla-suv-model-x,/auto/tesla/tesla-suv-model-x,200
www.evservice.eu/byd-dolphin-604-kwh,/auto/byd/byd-dolphin-604-kwh,200
www.evservice.eu/citroen-e-c4-54-kwh,/auto/citroen/citroen-e-c4-54-kwh,200
www.evservice.eu/jeep-avenger-electric,/auto/jeep/jeep-avenger-electric,Bezig met laden...
www.evservice.eu/honda-e,/auto/honda/honda-e,200
www.evservice.eu/search,/,200
www.evservice.eu/5-redenen-om-als-bedrijf-over-te-stappen-op-elektrisch-rijden,/blog/5-redenen-om-als-bedrijf-over-te-stappen-op-elektrisch-rijden,200
www.evservice.eu/honda-urban-ev,/auto/honda/honda-urban-ev,200
www.evservice.eu/elektrisch-rijden-in-koud-weer-5-handige-tips,/blog/elektrisch-rijden-in-koud-weer-5-handige-tips,200
www.evservice.eu/wallbox-pulsar-plus-wit-aanbieding,,200
www.evservice.eu/kia-ev9-998-kwh-rwd,/auto/kia/kia-ev9-998-kwh-rwd,200
www.evservice.eu/ford-mustang-mach-e-er-rwd,/auto/ford/ford-mustang-mach-e-er-rwd,200
www.evservice.eu/lexus-rz-450e,/auto/lexus/lexus-rz-450e,200
www.evservice.eu/smart-1-premium,/auto/smart/smart-1-premium,200
www.evservice.eu/subsidies-en-belastingvoordelen-elektrisch-rijden,/blog/subsidies-en-belastingvoordelen-elektrisch-rijden,404
www.evservice.eu/wat-zijn-de-verschillen-tussen-een-vast-en-draagbaar-laadstation,/blog/wat-zijn-de-verschillen-tussen-een-vast-en-draagbaar-laadstation,404
www.evservice.eu/mg-mg5-electric-standard-range,/auto/mg/mg-mg5-electric-standard-range,Bezig met laden...
www.evservice.eu/vve,/vve,404
www.evservice.eu/blog/month/2020-4,/blog,200
www.evservice.eu/citroen-e-berlingo-xl-50-kwh,/auto/citroen/citroen-e-berlingo-xl-50-kwh,200
www.evservice.eu/renault-twizy,/auto/renault/renault-twizy,200
www.evservice.eu/volkswagen-id-neo,/auto/volkswagen/volkswagen-id-neo,200
www.evservice.eu/zaptec,/collections/zaptec,200
www.evservice.eu/polestar-4-long-range-dual-motor,/auto/polestar/polestar-4-long-range-dual-motor,200
www.evservice.eu/blog/month/2020-10,/blog,200
www.evservice.eu/zonnepanelen-en-meer-in-2021,/blog/zonnepanelen-en-meer-in-2021,Bezig met laden...
www.evservice.eu/mercedes-a-klasse-e-cell,/auto/mercedes/mercedes-a-klasse-e-cell,200
www.evservice.eu/bmw-745le-x-drive,/auto/bmw/bmw-745le-x-drive,200
www.evservice.eu/opel-corsa-electric-51-kwh,/auto/opel/opel-corsa-electric-51-kwh,200
www.evservice.eu/fiat-500e-31-24-kwh,/auto/fiat/fiat-500e-31-24-kwh,Bezig met laden...
www.evservice.eu/mercedes-s-500e-plug-in,/auto/mercedes/mercedes-s-500e-plug-in,200
www.evservice.eu/elektrisch-rijden-en-netcongestie,/blog/elektrisch-rijden-en-netcongestie,200
www.evservice.eu/mg-mg4-electric-xpower,/auto/mg/mg-mg4-electric-xpower,200
www.evservice.eu/renault-fluence,/auto/renault/renault-fluence,200
www.evservice.eu/blog/month/2020-6,/blog,Bezig met laden...
www.evservice.eu/fiat-600e,/auto/fiat/fiat-600e,200
www.evservice.eu/kia-ev6-standard-range-2wd,/auto/kia/kia-ev6-standard-range-2wd,200
www.evservice.eu/land-rover,/auto/land-rover,200
www.evservice.eu/offerte-aanvragen,/offerte-aanvragen,200
www.evservice.eu/ratio-homebox-type-1,,200
www.evservice.eu/blog/month/2021-4,/blog,200
www.evservice.eu/blog/month/2022-12,/blog,Bezig met laden...
www.evservice.eu/blog/month/2020-11,/blog,200
www.evservice.eu/citroën-berlingo-electric,/auto/citroen/citroen-berlingo-electric,200
www.evservice.eu/fiat-500e-cabrio-42-kwh,/auto/fiat/fiat-500e-cabrio-42-kwh,Bezig met laden...
www.evservice.eu/nieuw-doe-het-zelf-zonnepanelen-sets,/blog/nieuw-doe-het-zelf-zonnepanelen-sets,Bezig met laden...
www.evservice.eu/evhub-2,/,Bezig met laden...
www.evservice.eu/smart-1-pulse,/auto/smart/smart-1-pulse,200
www.evservice.eu/citroen-e-berlingo-standaard-50-kwh,/auto/citroen/citroen-e-berlingo-standaard-50-kwh,200
www.evservice.eu/blog/month/2021-6,/blog,200
www.evservice.eu/elektrische-en-hybride-autos-op-de-nederlandse-wegen,/blog/elektrische-en-hybride-autos-op-de-nederlandse-wegen,Bezig met laden...
www.evservice.eu/honda-jazz-ev,/auto/honda/honda-jazz-ev,200
www.evservice.eu/fisker,/auto/fisker,200
www.evservice.eu/suzuki,/auto/suzuki,200
www.evservice.eu/cadillac-elr,/auto/cadillac/cadillac-elr,200
www.evservice.eu/blog/month/2020-7,/blog,200
www.evservice.eu/nissan-e-nv200-evalia,/auto/nissan/nissan-e-nv200-evalia,Bezig met laden...
www.evservice.eu/smart-3-pro,/auto/smart/smart-3-pro,200
www.evservice.eu/skoda-enyaq-60,/auto/skoda/skoda-enyaq-60,200
www.evservice.eu/porsche-taycan-4-cross-turismo,/auto/porsche/porsche-taycan-4-cross-turismo,Bezig met laden...
www.evservice.eu/tesla-model-x-plaid,/auto/tesla/tesla-model-x-plaid,200
www.evservice.eu/blog?pagenumber=11,/blog,200
www.evservice.eu/ratio-electric-actie,/collections/ratio-electric,Bezig met laden...
www.evservice.eu/bmw-i5-xdrive40-sedan,/auto/bmw/bmw-i5-xdrive40-sedan,Bezig met laden...
www.evservice.eu/ratio-smart-box-spiraal,,200
www.evservice.eu/byton-m-byte,/auto/byton/byton-m-byte,200
www.evservice.eu/blog/month/2018-5,/blog,200
www.evservice.eu/mini-countryman-e,/auto/mini/mini-countryman-e,200
www.evservice.eu/lucid,/auto/lucid,Bezig met laden...
www.evservice.eu/klantenservice/retourvoorwaarden,/pagina/retourneren,500
www.evservice.eu/de-top-3-meest-verkochte-elektrische-autos,/blog/de-top-3-meest-verkochte-elektrische-autos,200
www.evservice.eu/blog/month/2019-6,/blog,200
www.evservice.eu/blog/month/2018-2,/blog,200
www.evservice.eu/porsche-taycan-turbo-gt-weissach,/auto/porsche/porsche-taycan-turbo-gt-weissach,200
www.evservice.eu/fiat-500e-3-1-42-kwh,/auto/fiat/fiat-500e-3-1-42-kwh,200
www.evservice.eu/lucid-air,/auto/lucid/lucid-air,200
www.evservice.eu/lynk-co,,Bezig met laden...
www.evservice.eu/support/instellen-vermogen-zencar-wpro,/klantenservice/technische-ondersteuning/laadpalen/zencar/instellen-vermogen-zencar-wpro,200
www.evservice.eu/fiat-500e-cabrio-24-kwh,/auto/fiat/fiat-500e-cabrio-24-kwh,200
www.evservice.eu/byd-build-your-dream-e6,/auto/byd/byd-build-your-dream-e6,200
www.evservice.eu/polestar-4-long-range-single-motor,/auto/polestart/polestar-4-long-range-single-motor,200
www.evservice.eu/klantenservice/ondersteuning,/klantenservice/technische-ondersteuning,200
www.evservice.eu/polestar-2-long-range-dual-motor,/auto/polestar/polestar-2-long-range-dual-motor,200
www.evservice.eu/de-verplichting-van-een-laadpaal-bij-je-bedrijf,/blog/de-verplichting-van-een-laadpaal-bij-je-bedrijf,200
www.evservice.eu/klantenservice/garantie-reparatie,/klantenservice/garantie-reparatie,Bezig met laden...
www.evservice.eu/fisker-ocean-extreme,/auto/fisker/fisker-ocean-extreme,200
www.evservice.eu/smart-1-brabus,/auto/smart/smart-1-brabus,200
www.evservice.eu/toyota-bz4x-awd,/auto/toyota/toyota-bz4x-awd,200
www.evservice.eu/blog/month/2021-12,/blog,200
www.evservice.eu/ford,/auto/ford,200
www.evservice.eu/fisker-ocean-ultra,/auto/fisker/fisker-ocean-ultra,200
www.evservice.eu/blog/month/2023-4,/blog,200
www.evservice.eu/laadpalen-verplicht-vanaf-maart-2020-voor-bedrijven-en-vves,/blog/laadpalen-verplicht-vanaf-maart-2020-voor-bedrijven-en-vves,404
www.evservice.eu/audi-q4-sportback-e-tron-45,/auto/audi/audi-q4-sportback-e-tron-45,200
www.evservice.eu/mededeling-coronacrisis,/blog/mededeling-coronacrisis,Bezig met laden...
www.evservice.eu/waar-moet-je-op-letten-bij-de-aanschaf-van-een-ev,/blog/waar-moet-je-op-letten-bij-de-aanschaf-van-een-ev,200
www.evservice.eu/order/history,/account,200
www.evservice.eu/polestar-2-long-range-performance,/auto/polestart/polestar-2-long-range-performance,200
www.evservice.eu/skoda-enyaq-coupe-rs,/auto/skoda/skoda-enyaq-coupe-rs,200
www.evservice.eu/byd-dolphin-449-kwh-active,/auto/byd/byd-dolphin-449-kwh-active,200
www.evservice.eu/vertelt-je-slimme-meter-je-wel-het-juiste-verbruik-check-dit-via-de-power-boost,/blog/vertelt-je-slimme-meter-je-wel-het-juiste-verbruik-check-dit-via-de-power-boost,Bezig met laden...
www.evservice.eu/hyundai-ioniq,/auto/hyundai/hyundai-ioniq,200
www.evservice.eu/ev-van-de-maand-seres-3,/blog/ev-van-de-maand-seres-3,404
www.evservice.eu/blog?pagenumber=8,/blog,200
www.evservice.eu/fe,/,200
www.evservice.eu/blog/month/2021-5,/blog,200
www.evservice.eu/hyundai-kona-electric-65-kwh,/auto/hyundai/hyundai-kona-electric-65-kwh,200
www.evservice.eu/vve-en-laadpalen-subsidie-en-regelgeving,/blog/vve-en-laadpalen-subsidie-en-regelgeving,Bezig met laden...
www.evservice.eu/blog/month/2021-1,/blog,200
www.evservice.eu/smart-forfour,/auto/smart/smart-forfour,Bezig met laden...
www.evservice.eu/abarth,/auto/abarth,200
www.evservice.eu/vereisen-laadpalen-onderhoud,/blog/vereisen-laadpalen-onderhoud,200
www.evservice.eu/ford-mustang-mach-e-er-awd,/auto/ford/ford-mustang-mach-e-er-awd,200
www.evservice.eu/blog?pagenumber=10,/blog,200
www.evservice.eu/zakelijke-rijder-ga-voor-een-elektrische-auto,/blog/zakelijke-rijder-ga-voor-een-elektrische-auto,Bezig met laden...
www.evservice.eu/blog/month/2023-9,/blog,200
www.evservice.eu/aiways-u6,/auto/aiways/aiways-u6,200
www.evservice.eu/zakelijk,/zakelijk,404
www.evservice.eu/ford-c-max-energi,/auto/ford/ford-c-max-energi,200
www.evservice.eu/abarth-500e,/auto/abarth/abarth-500e,200
www.evservice.eu/blog/month/2023-12,/blog,200
www.evservice.eu/blog/month/2018-6,/blog,200
www.evservice.eu/nissan-ariya,/auto/nissan/nissan-ariya,200
www.evservice.eu/chevrolet-bolt,/auto/chevrolet/chevrolet-bolt,200
www.evservice.eu/kia-optima,/auto/kia/kia-optima,200
www.evservice.eu/nissan-ariya-63kwh,/auto/nissan/nissan-ariya-63kwh,200
www.evservice.eu/elektrisch-rijden-in-de-winter-bereid-je-goed-voor-6-tips,/blog/elektrisch-rijden-in-de-winter-bereid-je-goed-voor-6-tips,200
www.evservice.eu/mercedes-gle-550e,/auto/mercedes/mercedes-gle-550e,200
www.evservice.eu/aiways,/auto/aiways,200
portal.evservice.eu/faqs,/,200
www.evservice.eu/fiat-500e-hatchback-24-kwh,/auto/fiat/fiat-500e-hatchback-24-kwh,200
www.evservice.eu/range-rover,/auto/range-rover,200
www.evservice.eu/klantenservice/retour-instructies,/klantenservice/retour-instructies,404
www.evservice.eu/ds,/auto/ds,Bezig met laden...
www.evservice.eu/porsche-taycan-sport-turismo,/auto/porsche/porsche-taycan-sport-turismo,200
www.evservice.eu/lightyear-one,/auto/lightyear/lightyear-one,200
www.evservice.eu/blog/month/2024-1,/blog,200
www.evservice.eu/blog/month/2024-6,/blog,200
www.evservice.eu/sono-motors,/auto/sono-motors,Bezig met laden...
www.evservice.eu/blog/month/2021-9,/blog,200
www.evservice.eu/hyundai-i10-2,/auto/hyundai/hyundai-i10-2,200
www.evservice.eu/blog/month/2022-11,/blog,200
www.evservice.eu/laadzuil,/categories/laadzuil,500
www.evservice.eu/hoe-gaat-de-installatie-van-een-laadpaal-in-zijn-werk,/blog/hoe-gaat-de-installatie-van-een-laadpaal-in-zijn-werk,200
www.evservice.eu/installatie-materialen,/,200
www.evservice.eu/mg-marvel-r-2,/auto/mg/mg-marvel-r-2,Bezig met laden...
www.evservice.eu/blog/month/2022-8,/blog,Bezig met laden...
www.evservice.eu/polestar-3-long-range-performance,/auto/polestar/polestar-3-long-range-performance,200
www.evservice.eu/opel-zafira-e,/auto/opel/opel-zafira-e,200
www.evservice.eu/blog/month/2021-3,/blog,200
portal.evservice.eu/public/chargecard/subscriptions,/,200
www.evservice.eu/bespaar-met-elektrisch-rijden,/blog/bespaar-met-elektrisch-rijden,404
www.evservice.eu/nu-is-de-perfecte-tijd-om-een-laadpaal-te-laten-installeren,/blog/nu-is-de-perfecte-tijd-om-een-laadpaal-te-laten-installeren,200
portal.evservice.eu/public/roaming/tariffs,/,Bezig met laden...
www.evservice.eu/skoda-enyaq-coupe-60,/auto/skoda/skoda-enyaq-coupe-60,200
www.evservice.eu/kia-ev6-long-range-awd,/auto/kia/kia-ev6-long-range-awd,200
www.evservice.eu/lucid-air-touring,/auto/lucid/lucid-air-touring,200
www.evservice.eu/byd-dolphin-449-kwh-boost,/auto/byd/byd-dolphin-449-kwh-boost,200
www.evservice.eu/cadillac,/auto/cadillac,200
www.evservice.eu/blog/month/2024-5,/blog,200
www.evservice.eu/ford-mustang-mach-e-gt,/auto/ford/ford-mustang-mach-e-gt,200
form.evservice.eu/forms/markt-parasolnl-offerte-aanvraag-hfhk31,/,200
www.evservice.eu/blog/month/2023-3,/blog,200
portal.evservice.eu/register,/,200
portal.evservice.eu/public/features,/,200
www.evservice.eu/wallbox-3,/categories/laadpalen,200
www.evservice.eu/blog/month/2023-2,/blog,200
portal.evservice.eu/public/chargecard/discounted-map,/,200
www.evservice.eu/klantenservice/laadpalen-support,/klantenservice/technische-ondersteuning/laadpalen,200
www.evservice.eu/volvo-ex90-twin-motor,/auto/volvo/volvo-ex90-twin-motor,200
www.evservice.eu/klantenservice/bezorgkosten,/klantenservice/bezorgkosten,Bezig met laden...
www.evservice.eu/waarom-juist-nu-een-ev-en-laadpaal-aanschaffen,/blog/waarom-juist-nu-een-ev-en-laadpaal-aanschaffen,Bezig met laden...
www.evservice.eu/mg-mg4-electric-77-kwh,/auto/mg/mg-mg4-electric-77-kwh,Bezig met laden...
www.evservice.eu/blog?pagenumber=5,/blog,200
www.evservice.eu/elektrisch-rijden-en-milieu-2,/blog/elektrisch-rijden-en-milieu,200
www.evservice.eu/laadpaal-check,/blog/laadpaal-check,404
www.evservice.eu/klantenservice/annuleren,/klantenservice/annuleren,200
www.evservice.eu/hoe-realiseer-ik-een-toekomstbestendige-laadoplossing,/blog/hoe-realiseer-ik-een-toekomstbestendige-laadoplossing,200
www.evservice.eu/waarom-elektrisch-rijden,/blog/waarom-elektrisch-rijden,200
www.evservice.eu/KiyohReview/Reviews?pagenumber=51,/,Bezig met laden...
www.evservice.eu/charge-amps,/,200
www.evservice.eu/blog/month/2024-2,/blog,200
www.evservice.eu/blog?pagenumber=13,/blog,Bezig met laden...
www.evservice.eu/xiaomi-2,/auto/xiaomi/xiaomi-2,200
www.evservice.eu/klantenservice/support-aanvragen,/klantenservice/support-aanvragen,404
www.evservice.eu/blog/month/2022-6,/blog,Bezig met laden...
www.evservice.eu/blog/month/2022-9,/blog,200
www.evservice.eu/kia-e-soul,/auto/kia/kia-e-soul,200
www.evservice.eu/blog/month/2022-1,/blog,200
www.evservice.eu/blog/month/2022-5,/blog,200
www.evservice.eu/KiyohReview/Reviews?pagenumber=57,/,200
www.evservice.eu/blog/month/2023-1,/blog,200
www.evservice.eu/seat,/auto/seat,200
www.evservice.eu/t1,/,Bezig met laden...
tesla.evservice.eu/,/,Bezig met laden...
www.evservice.eu/blog/month/2022-10,/blog,200
www.evservice.eu/blog/month/2016-12,/blog,200
www.evservice.eu/blog/month/2020-2,/blog,200
www.evservice.eu/blog/month/2021-2,/blog,Bezig met laden...
www.evservice.eu/new-motion,/,Bezig met laden...
www.evservice.eu/blog/month/2018-1,/blog,200
www.evservice.eu/klantenservice/bezorgen,/klantenservice/bezorgen,200
portal.evservice.eu/public/chargecard/map,/,200
www.evservice.eu/blog/month/2019-2,/blog,200
www.evservice.eu/webasto,/,200
www.evservice.eu/pf,/,200
www.evservice.eu/blog/month/2024-4,/blog,200
www.evservice.eu/blog/month/2021-8,/blog,200
www.evservice.eu/klantenservice/bestellen,/klantenservice/bestellen,200
,1869,